neo4j9,neo4j8
neo4j10,neo4j11
neo4j11,neo4j3712
neo4j11,neo4j12
neo4j11,neo4j3714
neo4j11,neo4j3715
neo4j12,neo4j1398
neo4j21,neo4j3721
neo4j22,neo4j3722
neo4j23,neo4j3725
neo4j27,neo4j29
neo4j27,neo4j256
neo4j27,neo4j941
neo4j27,neo4j942
neo4j27,neo4j30
neo4j28,neo4j29
neo4j28,neo4j3738
neo4j28,neo4j257
neo4j28,neo4j941
neo4j28,neo4j942
neo4j28,neo4j31
neo4j29,neo4j32
neo4j29,neo4j940
neo4j29,neo4j139
neo4j30,neo4j33
neo4j30,neo4j943
neo4j30,neo4j267
neo4j30,neo4j944
neo4j31,neo4j33
neo4j31,neo4j943
neo4j31,neo4j3738
neo4j31,neo4j268
neo4j31,neo4j944
neo4j32,neo4j3739
neo4j33,neo4j3740
neo4j34,neo4j945
neo4j34,neo4j946
neo4j34,neo4j947
neo4j34,neo4j135
neo4j34,neo4j49
neo4j34,neo4j50
neo4j34,neo4j37
neo4j34,neo4j27
neo4j34,neo4j35
neo4j34,neo4j77
neo4j34,neo4j30
neo4j34,neo4j3742
neo4j34,neo4j21
neo4j34,neo4j22
neo4j35,neo4j948
neo4j36,neo4j945
neo4j36,neo4j3743
neo4j36,neo4j3745
neo4j36,neo4j946
neo4j36,neo4j947
neo4j36,neo4j136
neo4j36,neo4j49
neo4j36,neo4j50
neo4j36,neo4j37
neo4j36,neo4j3738
neo4j36,neo4j28
neo4j36,neo4j3746
neo4j36,neo4j35
neo4j36,neo4j77
neo4j36,neo4j31
neo4j36,neo4j3742
neo4j36,neo4j21
neo4j36,neo4j22
neo4j39,neo4j135
neo4j39,neo4j22
neo4j39,neo4j75
neo4j39,neo4j38
neo4j39,neo4j30
neo4j40,neo4j136
neo4j40,neo4j22
neo4j40,neo4j3738
neo4j40,neo4j76
neo4j40,neo4j38
neo4j40,neo4j31
neo4j41,neo4j42
neo4j41,neo4j137
neo4j42,neo4j3734
neo4j42,neo4j135
neo4j42,neo4j1398
neo4j42,neo4j22
neo4j42,neo4j30
neo4j42,neo4j47
neo4j43,neo4j3734
neo4j43,neo4j1398
neo4j43,neo4j22
neo4j43,neo4j3748
neo4j43,neo4j31
neo4j43,neo4j3749
neo4j43,neo4j48
neo4j43,neo4j3750
neo4j43,neo4j485
neo4j44,neo4j3732
neo4j44,neo4j47
neo4j45,neo4j3732
neo4j45,neo4j3750
neo4j45,neo4j48
neo4j45,neo4j485
neo4j46,neo4j3732
neo4j47,neo4j1399
neo4j48,neo4j1399
neo4j48,neo4j3748
neo4j49,neo4j543
neo4j51,neo4j3732
neo4j79,neo4j127
neo4j79,neo4j82
neo4j79,neo4j130
neo4j80,neo4j3738
neo4j80,neo4j128
neo4j80,neo4j82
neo4j80,neo4j130
neo4j81,neo4j85
neo4j81,neo4j84
neo4j81,neo4j83
neo4j81,neo4j129
neo4j82,neo4j133
neo4j83,neo4j132
neo4j89,neo4j3753
neo4j89,neo4j90
neo4j89,neo4j91
neo4j90,neo4j553
neo4j91,neo4j3755
neo4j91,neo4j92
neo4j93,neo4j89
neo4j94,neo4j89
neo4j95,neo4j89
neo4j96,neo4j89
neo4j97,neo4j3757
neo4j99,neo4j6
neo4j99,neo4j103
neo4j99,neo4j137
neo4j100,neo4j3732
neo4j100,neo4j121
neo4j101,neo4j3732
neo4j101,neo4j122
neo4j101,neo4j485
neo4j102,neo4j3757
neo4j102,neo4j100
neo4j103,neo4j3759
neo4j135,neo4j3753
neo4j135,neo4j1397
neo4j135,neo4j3762
neo4j136,neo4j3738
neo4j136,neo4j3762
neo4j136,neo4j1397
neo4j137,neo4j3757
neo4j141,neo4j546
neo4j149,neo4j3762
neo4j149,neo4j3748
neo4j149,neo4j3765
neo4j149,neo4j151
neo4j149,neo4j1398
neo4j149,neo4j3767
neo4j150,neo4j3738
neo4j150,neo4j3762
neo4j150,neo4j3748
neo4j150,neo4j3765
neo4j150,neo4j151
neo4j150,neo4j1398
neo4j150,neo4j3746
neo4j151,neo4j3769
neo4j151,neo4j3771
neo4j151,neo4j3772
neo4j161,neo4j135
neo4j161,neo4j193
neo4j161,neo4j119
neo4j161,neo4j262
neo4j161,neo4j264
neo4j161,neo4j260
neo4j161,neo4j1026
neo4j162,neo4j136
neo4j162,neo4j3738
neo4j162,neo4j194
neo4j162,neo4j120
neo4j162,neo4j263
neo4j162,neo4j264
neo4j162,neo4j261
neo4j162,neo4j1049
neo4j163,neo4j135
neo4j163,neo4j164
neo4j163,neo4j186
neo4j163,neo4j6
neo4j164,neo4j193
neo4j164,neo4j119
neo4j164,neo4j213
neo4j165,neo4j167
neo4j166,neo4j167
neo4j167,neo4j3753
neo4j167,neo4j135
neo4j167,neo4j146
neo4j167,neo4j164
neo4j167,neo4j3762
neo4j167,neo4j1413
neo4j167,neo4j1414
neo4j168,neo4j136
neo4j168,neo4j169
neo4j169,neo4j3738
neo4j169,neo4j194
neo4j169,neo4j120
neo4j169,neo4j214
neo4j170,neo4j172
neo4j171,neo4j172
neo4j172,neo4j3738
neo4j172,neo4j3762
neo4j172,neo4j136
neo4j172,neo4j147
neo4j172,neo4j169
neo4j172,neo4j1415
neo4j172,neo4j1416
neo4j180,neo4j135
neo4j180,neo4j187
neo4j180,neo4j189
neo4j180,neo4j137
neo4j181,neo4j136
neo4j181,neo4j3738
neo4j181,neo4j188
neo4j181,neo4j190
neo4j182,neo4j546
neo4j182,neo4j191
neo4j183,neo4j546
neo4j183,neo4j192
neo4j184,neo4j546
neo4j184,neo4j186
neo4j184,neo4j191
neo4j185,neo4j546
neo4j185,neo4j186
neo4j185,neo4j192
neo4j186,neo4j8
neo4j187,neo4j137
neo4j188,neo4j3738
neo4j188,neo4j222
neo4j189,neo4j258
neo4j189,neo4j191
neo4j190,neo4j3738
neo4j190,neo4j259
neo4j190,neo4j192
neo4j191,neo4j269
neo4j192,neo4j3738
neo4j192,neo4j270
neo4j193,neo4j196
neo4j193,neo4j195
neo4j193,neo4j189
neo4j194,neo4j196
neo4j194,neo4j195
neo4j194,neo4j190
neo4j207,neo4j209
neo4j207,neo4j211
neo4j207,neo4j224
neo4j207,neo4j204
neo4j207,neo4j137
neo4j208,neo4j3738
neo4j208,neo4j210
neo4j208,neo4j212
neo4j208,neo4j225
neo4j208,neo4j205
neo4j209,neo4j247
neo4j209,neo4j6
neo4j209,neo4j239
neo4j210,neo4j247
neo4j210,neo4j6
neo4j210,neo4j3738
neo4j210,neo4j240
neo4j211,neo4j247
neo4j211,neo4j239
neo4j212,neo4j247
neo4j212,neo4j3738
neo4j212,neo4j240
neo4j213,neo4j8
neo4j213,neo4j239
neo4j214,neo4j8
neo4j214,neo4j3738
neo4j214,neo4j240
neo4j215,neo4j135
neo4j215,neo4j217
neo4j215,neo4j243
neo4j215,neo4j247
neo4j215,neo4j241
neo4j215,neo4j1026
neo4j216,neo4j136
neo4j216,neo4j217
neo4j216,neo4j244
neo4j216,neo4j247
neo4j216,neo4j3738
neo4j216,neo4j242
neo4j216,neo4j1049
neo4j221,neo4j218
neo4j221,neo4j208
neo4j222,neo4j219
neo4j222,neo4j208
neo4j225,neo4j224
neo4j225,neo4j485
neo4j226,neo4j219
neo4j226,neo4j220
neo4j238,neo4j237
neo4j238,neo4j485
neo4j239,neo4j258
neo4j239,neo4j237
neo4j240,neo4j254
neo4j240,neo4j259
neo4j241,neo4j260
neo4j241,neo4j237
neo4j242,neo4j254
neo4j242,neo4j261
neo4j243,neo4j262
neo4j243,neo4j237
neo4j244,neo4j254
neo4j244,neo4j263
neo4j245,neo4j256
neo4j245,neo4j237
neo4j246,neo4j254
neo4j246,neo4j257
neo4j247,neo4j264
neo4j247,neo4j237
neo4j248,neo4j265
neo4j248,neo4j237
neo4j249,neo4j266
neo4j249,neo4j237
neo4j250,neo4j267
neo4j251,neo4j268
neo4j252,neo4j269
neo4j253,neo4j270
neo4j254,neo4j3738
neo4j254,neo4j3762
neo4j254,neo4j238
neo4j292,neo4j297
neo4j292,neo4j3780
neo4j292,neo4j993
neo4j292,neo4j994
neo4j292,neo4j995
neo4j292,neo4j997
neo4j292,neo4j1399
neo4j293,neo4j996
neo4j293,neo4j1399
neo4j294,neo4j297
neo4j294,neo4j455
neo4j294,neo4j998
neo4j294,neo4j1399
neo4j295,neo4j297
neo4j295,neo4j999
neo4j295,neo4j1399
neo4j303,neo4j248
neo4j303,neo4j239
neo4j304,neo4j248
neo4j304,neo4j240
neo4j305,neo4j930
neo4j306,neo4j931
neo4j307,neo4j132
neo4j307,neo4j250
neo4j308,neo4j132
neo4j308,neo4j251
neo4j309,neo4j124
neo4j310,neo4j125
neo4j311,neo4j266
neo4j311,neo4j3784
neo4j312,neo4j3785
neo4j321,neo4j928
neo4j321,neo4j287
neo4j321,neo4j330
neo4j321,neo4j1399
neo4j321,neo4j929
neo4j321,neo4j334
neo4j321,neo4j959
neo4j322,neo4j928
neo4j322,neo4j3743
neo4j322,neo4j288
neo4j322,neo4j3787
neo4j322,neo4j3789
neo4j322,neo4j3790
neo4j322,neo4j330
neo4j322,neo4j1399
neo4j322,neo4j929
neo4j322,neo4j335
neo4j322,neo4j3791
neo4j322,neo4j959
neo4j322,neo4j3792
neo4j323,neo4j629
neo4j323,neo4j1399
neo4j323,neo4j630
neo4j323,neo4j1398
neo4j323,neo4j331
neo4j324,neo4j629
neo4j324,neo4j1399
neo4j324,neo4j3738
neo4j324,neo4j631
neo4j324,neo4j1398
neo4j324,neo4j332
neo4j325,neo4j327
neo4j326,neo4j3738
neo4j326,neo4j328
neo4j327,neo4j626
neo4j327,neo4j1397
neo4j327,neo4j331
neo4j327,neo4j1398
neo4j328,neo4j3738
neo4j328,neo4j627
neo4j328,neo4j1397
neo4j328,neo4j332
neo4j328,neo4j1398
neo4j329,neo4j990
neo4j330,neo4j3732
neo4j331,neo4j3732
neo4j331,neo4j289
neo4j332,neo4j3732
neo4j332,neo4j290
neo4j332,neo4j485
neo4j333,neo4j3757
neo4j333,neo4j331
neo4j334,neo4j960
neo4j334,neo4j3795
neo4j334,neo4j3796
neo4j334,neo4j1399
neo4j334,neo4j3797
neo4j334,neo4j961
neo4j335,neo4j960
neo4j335,neo4j3738
neo4j335,neo4j3798
neo4j335,neo4j3799
neo4j335,neo4j1399
neo4j335,neo4j3800
neo4j335,neo4j961
neo4j345,neo4j275
neo4j345,neo4j363
neo4j345,neo4j347
neo4j345,neo4j283
neo4j346,neo4j3738
neo4j346,neo4j276
neo4j346,neo4j363
neo4j346,neo4j348
neo4j346,neo4j283
neo4j347,neo4j349
neo4j347,neo4j351
neo4j348,neo4j3738
neo4j348,neo4j350
neo4j348,neo4j352
neo4j350,neo4j3738
neo4j351,neo4j279
neo4j351,neo4j362
neo4j352,neo4j3738
neo4j352,neo4j280
neo4j352,neo4j362
neo4j353,neo4j281
neo4j353,neo4j362
neo4j354,neo4j3738
neo4j354,neo4j282
neo4j354,neo4j362
neo4j355,neo4j363
neo4j356,neo4j363
neo4j357,neo4j363
neo4j358,neo4j360
neo4j359,neo4j361
neo4j360,neo4j284
neo4j360,neo4j1397
neo4j361,neo4j3743
neo4j361,neo4j285
neo4j361,neo4j3789
neo4j361,neo4j1397
neo4j361,neo4j485
neo4j363,neo4j911
neo4j371,neo4j373
neo4j371,neo4j379
neo4j372,neo4j3738
neo4j372,neo4j374
neo4j372,neo4j379
neo4j373,neo4j3789
neo4j373,neo4j3748
neo4j373,neo4j378
neo4j373,neo4j375
neo4j373,neo4j1397
neo4j374,neo4j3738
neo4j374,neo4j3789
neo4j374,neo4j3748
neo4j374,neo4j378
neo4j374,neo4j3746
neo4j374,neo4j376
neo4j374,neo4j1397
neo4j376,neo4j485
neo4j377,neo4j3757
neo4j377,neo4j375
neo4j379,neo4j1397
neo4j379,neo4j3759
neo4j379,neo4j1399
neo4j389,neo4j391
neo4j389,neo4j3804
neo4j389,neo4j272
neo4j389,neo4j3805
neo4j389,neo4j3806
neo4j390,neo4j391
neo4j390,neo4j3807
neo4j390,neo4j3738
neo4j390,neo4j273
neo4j390,neo4j3805
neo4j390,neo4j3806
neo4j391,neo4j3808
neo4j397,neo4j399
neo4j397,neo4j272
neo4j398,neo4j399
neo4j398,neo4j3738
neo4j398,neo4j273
neo4j399,neo4j400
neo4j400,neo4j401
neo4j401,neo4j3809
neo4j414,neo4j3813
neo4j415,neo4j3815
neo4j415,neo4j272
neo4j416,neo4j3791
neo4j416,neo4j415
neo4j416,neo4j273
neo4j422,neo4j1397
neo4j422,neo4j3759
neo4j422,neo4j476
neo4j422,neo4j1398
neo4j426,neo4j1397
neo4j426,neo4j3759
neo4j434,neo4j1397
neo4j434,neo4j3759
neo4j434,neo4j1398
neo4j437,neo4j1397
neo4j437,neo4j3759
neo4j437,neo4j476
neo4j437,neo4j1398
neo4j441,neo4j3818
neo4j442,neo4j3818
neo4j442,neo4j3820
neo4j442,neo4j3821
neo4j443,neo4j3821
neo4j443,neo4j3822
neo4j445,neo4j3780
neo4j446,neo4j3780
neo4j447,neo4j3755
neo4j448,neo4j449
neo4j449,neo4j3759
neo4j449,neo4j3824
neo4j449,neo4j450
neo4j449,neo4j3825
neo4j450,neo4j3759
neo4j450,neo4j3827
neo4j450,neo4j3748
neo4j450,neo4j3828
neo4j450,neo4j3830
neo4j450,neo4j449
neo4j451,neo4j3831
neo4j455,neo4j3832
neo4j455,neo4j3833
neo4j455,neo4j1428
neo4j455,neo4j1426
neo4j459,neo4j3834
neo4j461,neo4j462
neo4j461,neo4j463
neo4j464,neo4j3809
neo4j467,neo4j3835
neo4j467,neo4j3832
neo4j467,neo4j3780
neo4j467,neo4j3825
neo4j471,neo4j3795
neo4j472,neo4j3797
neo4j474,neo4j3759
neo4j477,neo4j3840
neo4j480,neo4j3712
neo4j481,neo4j3712
neo4j482,neo4j480
neo4j482,neo4j481
neo4j486,neo4j3841
neo4j491,neo4j497
neo4j492,neo4j512
neo4j493,neo4j513
neo4j494,neo4j498
neo4j495,neo4j499
neo4j496,neo4j512
neo4j496,neo4j513
neo4j496,neo4j499
neo4j496,neo4j498
neo4j497,neo4j511
neo4j502,neo4j511
neo4j503,neo4j3843
neo4j509,neo4j3844
neo4j509,neo4j3845
neo4j510,neo4j1308
neo4j543,neo4j3759
neo4j544,neo4j3759
neo4j546,neo4j547
neo4j547,neo4j3762
neo4j549,neo4j550
neo4j549,neo4j3846
neo4j550,neo4j3762
neo4j559,neo4j633
neo4j559,neo4j561
neo4j560,neo4j3743
neo4j560,neo4j634
neo4j560,neo4j561
neo4j561,neo4j562
neo4j561,neo4j3849
neo4j561,neo4j1398
neo4j562,neo4j644
neo4j562,neo4j905
neo4j562,neo4j3759
neo4j571,neo4j636
neo4j571,neo4j662
neo4j571,neo4j637
neo4j572,neo4j638
neo4j573,neo4j639
neo4j577,neo4j581
neo4j577,neo4j582
neo4j577,neo4j584
neo4j577,neo4j3852
neo4j577,neo4j583
neo4j577,neo4j585
neo4j578,neo4j3797
neo4j578,neo4j1400
neo4j578,neo4j577
neo4j579,neo4j580
neo4j579,neo4j485
neo4j579,neo4j3743
neo4j580,neo4j3743
neo4j580,neo4j3800
neo4j580,neo4j3790
neo4j580,neo4j3787
neo4j580,neo4j3789
neo4j580,neo4j1400
neo4j580,neo4j577
neo4j580,neo4j485
neo4j580,neo4j3792
neo4j582,neo4j3853
neo4j582,neo4j746
neo4j583,neo4j3795
neo4j584,neo4j585
neo4j585,neo4j1400
neo4j585,neo4j3818
neo4j594,neo4j3855
neo4j595,neo4j3852
neo4j595,neo4j3855
neo4j595,neo4j596
neo4j595,neo4j594
neo4j596,neo4j744
neo4j596,neo4j3855
neo4j597,neo4j3856
neo4j597,neo4j1400
neo4j597,neo4j3857
neo4j597,neo4j599
neo4j598,neo4j3856
neo4j598,neo4j1400
neo4j598,neo4j3743
neo4j598,neo4j3858
neo4j598,neo4j599
neo4j598,neo4j485
neo4j599,neo4j3849
neo4j599,neo4j1398
neo4j600,neo4j3849
neo4j601,neo4j3859
neo4j602,neo4j3860
neo4j603,neo4j3861
neo4j604,neo4j3862
neo4j744,neo4j3863
neo4j744,neo4j751
neo4j744,neo4j3866
neo4j745,neo4j752
neo4j745,neo4j3867
neo4j746,neo4j752
neo4j746,neo4j3868
neo4j747,neo4j752
neo4j747,neo4j3869
neo4j748,neo4j752
neo4j748,neo4j3870
neo4j749,neo4j752
neo4j749,neo4j3871
neo4j750,neo4j3872
neo4j751,neo4j3873
neo4j752,neo4j3873
neo4j756,neo4j3825
neo4j761,neo4j778
neo4j761,neo4j764
neo4j762,neo4j774
neo4j762,neo4j771
neo4j762,neo4j3830
neo4j762,neo4j761
neo4j763,neo4j775
neo4j763,neo4j761
neo4j764,neo4j772
neo4j764,neo4j766
neo4j764,neo4j767
neo4j764,neo4j769
neo4j764,neo4j770
neo4j764,neo4j771
neo4j764,neo4j762
neo4j764,neo4j763
neo4j764,neo4j765
neo4j765,neo4j777
neo4j765,neo4j776
neo4j765,neo4j3875
neo4j765,neo4j659
neo4j766,neo4j783
neo4j767,neo4j783
neo4j768,neo4j783
neo4j768,neo4j782
neo4j768,neo4j784
neo4j768,neo4j785
neo4j768,neo4j786
neo4j769,neo4j783
neo4j769,neo4j782
neo4j769,neo4j784
neo4j769,neo4j785
neo4j769,neo4j786
neo4j770,neo4j783
neo4j770,neo4j787
neo4j771,neo4j783
neo4j771,neo4j750
neo4j771,neo4j773
neo4j772,neo4j783
neo4j772,neo4j779
neo4j772,neo4j780
neo4j772,neo4j781
neo4j773,neo4j772
neo4j773,neo4j779
neo4j773,neo4j780
neo4j773,neo4j781
neo4j774,neo4j3876
neo4j774,neo4j779
neo4j774,neo4j780
neo4j774,neo4j781
neo4j775,neo4j3876
neo4j775,neo4j779
neo4j775,neo4j780
neo4j775,neo4j781
neo4j776,neo4j783
neo4j777,neo4j3876
neo4j777,neo4j779
neo4j777,neo4j780
neo4j778,neo4j788
neo4j779,neo4j783
neo4j780,neo4j784
neo4j781,neo4j785
neo4j784,neo4j745
neo4j785,neo4j747
neo4j786,neo4j748
neo4j787,neo4j749
neo4j788,neo4j3876
neo4j788,neo4j3877
neo4j801,neo4j802
neo4j801,neo4j3714
neo4j801,neo4j3879
neo4j801,neo4j3875
neo4j801,neo4j3759
neo4j801,neo4j660
neo4j801,neo4j3881
neo4j801,neo4j3882
neo4j801,neo4j744
neo4j801,neo4j3884
neo4j801,neo4j807
neo4j801,neo4j804
neo4j801,neo4j803
neo4j801,neo4j805
neo4j801,neo4j806
neo4j802,neo4j3882
neo4j804,neo4j3882
neo4j804,neo4j744
neo4j805,neo4j3882
neo4j805,neo4j744
neo4j806,neo4j3882
neo4j806,neo4j744
neo4j807,neo4j3882
neo4j807,neo4j744
neo4j808,neo4j3882
neo4j808,neo4j744
neo4j813,neo4j3759
neo4j816,neo4j665
neo4j818,neo4j665
neo4j820,neo4j655
neo4j820,neo4j3755
neo4j824,neo4j665
neo4j824,neo4j662
neo4j826,neo4j647
neo4j826,neo4j651
neo4j826,neo4j3748
neo4j826,neo4j645
neo4j826,neo4j652
neo4j826,neo4j3830
neo4j826,neo4j644
neo4j828,neo4j651
neo4j828,neo4j644
neo4j828,neo4j551
neo4j828,neo4j647
neo4j828,neo4j1329
neo4j830,neo4j668
neo4j830,neo4j648
neo4j830,neo4j646
neo4j831,neo4j665
neo4j831,neo4j662
neo4j831,neo4j3759
neo4j837,neo4j665
neo4j839,neo4j3759
neo4j842,neo4j651
neo4j842,neo4j644
neo4j844,neo4j647
neo4j844,neo4j645
neo4j844,neo4j655
neo4j846,neo4j665
neo4j848,neo4j665
neo4j848,neo4j662
neo4j850,neo4j655
neo4j852,neo4j647
neo4j852,neo4j645
neo4j852,neo4j655
neo4j854,neo4j3759
neo4j857,neo4j668
neo4j857,neo4j647
neo4j857,neo4j648
neo4j858,neo4j665
neo4j858,neo4j662
neo4j862,neo4j668
neo4j862,neo4j647
neo4j862,neo4j495
neo4j863,neo4j665
neo4j863,neo4j662
neo4j867,neo4j668
neo4j867,neo4j647
neo4j867,neo4j648
neo4j867,neo4j496
neo4j868,neo4j665
neo4j868,neo4j662
neo4j872,neo4j668
neo4j872,neo4j647
neo4j872,neo4j494
neo4j873,neo4j665
neo4j873,neo4j662
neo4j877,neo4j668
neo4j877,neo4j647
neo4j877,neo4j648
neo4j877,neo4j494
neo4j878,neo4j665
neo4j878,neo4j662
neo4j882,neo4j662
neo4j884,neo4j662
neo4j886,neo4j662
neo4j888,neo4j668
neo4j888,neo4j647
neo4j888,neo4j648
neo4j888,neo4j496
neo4j888,neo4j1522
neo4j888,neo4j645
neo4j889,neo4j665
neo4j889,neo4j662
neo4j889,neo4j3759
neo4j900,neo4j908
neo4j903,neo4j909
neo4j918,neo4j910
neo4j925,neo4j907
neo4j960,neo4j962
neo4j961,neo4j747
neo4j962,neo4j744
neo4j962,neo4j3749
neo4j962,neo4j3885
neo4j979,neo4j1295
neo4j979,neo4j980
neo4j1001,neo4j3780
neo4j1001,neo4j3753
neo4j1003,neo4j3753
neo4j1005,neo4j3780
neo4j1020,neo4j1021
neo4j1020,neo4j3762
neo4j1022,neo4j3762
neo4j1027,neo4j3753
neo4j1028,neo4j3753
neo4j1028,neo4j1100
neo4j1029,neo4j3753
neo4j1030,neo4j3753
neo4j1030,neo4j201
neo4j1038,neo4j1047
neo4j1038,neo4j1098
neo4j1040,neo4j1046
neo4j1041,neo4j1045
neo4j1041,neo4j1099
neo4j1043,neo4j1045
neo4j1044,neo4j1045
neo4j1047,neo4j3780
neo4j1047,neo4j3749
neo4j1049,neo4j3738
neo4j1049,neo4j1050
neo4j1050,neo4j3738
neo4j1050,neo4j3762
neo4j1051,neo4j3738
neo4j1051,neo4j3762
neo4j1051,neo4j1100
neo4j1052,neo4j3738
neo4j1052,neo4j3762
neo4j1053,neo4j3738
neo4j1053,neo4j3762
neo4j1053,neo4j202
neo4j1061,neo4j1017
neo4j1062,neo4j1018
neo4j1063,neo4j3725
neo4j1063,neo4j1018
neo4j1069,neo4j3762
neo4j1069,neo4j3791
neo4j1070,neo4j3738
neo4j1070,neo4j3762
neo4j1071,neo4j3738
neo4j1071,neo4j3762
neo4j1071,neo4j1069
neo4j1072,neo4j3738
neo4j1072,neo4j3762
neo4j1083,neo4j3759
neo4j1083,neo4j3900
neo4j1085,neo4j3759
neo4j1087,neo4j3759
neo4j1089,neo4j3759
neo4j1092,neo4j3759
neo4j1094,neo4j3759
neo4j1096,neo4j3759
neo4j1098,neo4j1106
neo4j1099,neo4j1101
neo4j1099,neo4j1102
neo4j1099,neo4j1103
neo4j1099,neo4j1104
neo4j1099,neo4j1105
neo4j1099,neo4j1107
neo4j1100,neo4j1081
neo4j1101,neo4j3780
neo4j1101,neo4j1109
neo4j1102,neo4j3780
neo4j1102,neo4j1108
neo4j1103,neo4j3780
neo4j1104,neo4j3780
neo4j1105,neo4j3780
neo4j1105,neo4j3748
neo4j1106,neo4j3780
neo4j1107,neo4j3780
neo4j1109,neo4j3833
neo4j1113,neo4j3903
neo4j1113,neo4j3904
neo4j1113,neo4j3748
neo4j1114,neo4j3905
neo4j1116,neo4j3906
neo4j1117,neo4j3725
neo4j1121,neo4j1198
neo4j1121,neo4j1123
neo4j1122,neo4j3738
neo4j1122,neo4j1199
neo4j1122,neo4j1123
neo4j1123,neo4j1200
neo4j1128,neo4j3808
neo4j1128,neo4j119
neo4j1129,neo4j3808
neo4j1129,neo4j3791
neo4j1129,neo4j120
neo4j1130,neo4j3805
neo4j1130,neo4j1139
neo4j1130,neo4j3759
neo4j1131,neo4j3805
neo4j1131,neo4j3738
neo4j1131,neo4j1140
neo4j1131,neo4j3759
neo4j1132,neo4j1130
neo4j1132,neo4j3808
neo4j1132,neo4j115
neo4j1132,neo4j1141
neo4j1133,neo4j3738
neo4j1133,neo4j1131
neo4j1133,neo4j3808
neo4j1133,neo4j116
neo4j1133,neo4j1142
neo4j1134,neo4j3808
neo4j1134,neo4j115
neo4j1135,neo4j3808
neo4j1135,neo4j116
neo4j1135,neo4j485
neo4j1136,neo4j3808
neo4j1137,neo4j3732
neo4j1137,neo4j1139
neo4j1138,neo4j3732
neo4j1138,neo4j1140
neo4j1138,neo4j485
neo4j1139,neo4j1141
neo4j1140,neo4j3748
neo4j1140,neo4j1142
neo4j1140,neo4j3750
neo4j1141,neo4j3722
neo4j1141,neo4j121
neo4j1142,neo4j3722
neo4j1142,neo4j122
neo4j1142,neo4j485
neo4j1143,neo4j1137
neo4j1143,neo4j137
neo4j1145,neo4j117
neo4j1150,neo4j161
neo4j1150,neo4j1152
neo4j1151,neo4j3738
neo4j1151,neo4j162
neo4j1151,neo4j1153
neo4j1151,neo4j1152
neo4j1151,neo4j181
neo4j1151,neo4j1160
neo4j1156,neo4j269
neo4j1158,neo4j3791
neo4j1158,neo4j1157
neo4j1159,neo4j269
neo4j1160,neo4j270
neo4j1160,neo4j485
neo4j1215,neo4j1217
neo4j1216,neo4j1217
neo4j1217,neo4j1400
neo4j1217,neo4j1248
neo4j1217,neo4j1187
neo4j1223,neo4j1239
neo4j1223,neo4j1237
neo4j1224,neo4j1239
neo4j1224,neo4j3738
neo4j1224,neo4j1238
neo4j1225,neo4j1398
neo4j1225,neo4j1206
neo4j1225,neo4j1185
neo4j1226,neo4j1398
neo4j1226,neo4j1206
neo4j1226,neo4j1186
neo4j1227,neo4j1207
neo4j1228,neo4j1181
neo4j1229,neo4j1182
neo4j1230,neo4j1183
neo4j1231,neo4j1184
neo4j1232,neo4j1179
neo4j1232,neo4j1225
neo4j1233,neo4j3738
neo4j1233,neo4j1180
neo4j1233,neo4j1226
neo4j1234,neo4j3732
neo4j1234,neo4j1209
neo4j1234,neo4j1188
neo4j1235,neo4j3732
neo4j1235,neo4j1209
neo4j1235,neo4j1189
neo4j1235,neo4j485
neo4j1236,neo4j3757
neo4j1236,neo4j1234
neo4j1237,neo4j1212
neo4j1237,neo4j1202
neo4j1237,neo4j1203
neo4j1237,neo4j1232
neo4j1237,neo4j3911
neo4j1237,neo4j3913
neo4j1238,neo4j3738
neo4j1238,neo4j1213
neo4j1238,neo4j1202
neo4j1238,neo4j1203
neo4j1238,neo4j1233
neo4j1238,neo4j3911
neo4j1238,neo4j3913
neo4j1239,neo4j544
neo4j1248,neo4j3739
neo4j1248,neo4j3732
neo4j1252,neo4j1254
neo4j1253,neo4j1254
neo4j1254,neo4j1400
neo4j1254,neo4j1248
neo4j1260,neo4j1114
neo4j1261,neo4j1114
neo4j1263,neo4j1115
neo4j1265,neo4j1115
neo4j1265,neo4j1113
neo4j1273,neo4j1277
neo4j1273,neo4j1280
neo4j1273,neo4j1275
neo4j1274,neo4j1277
neo4j1274,neo4j3738
neo4j1274,neo4j3807
neo4j1274,neo4j1281
neo4j1274,neo4j1276
neo4j1274,neo4j3806
neo4j1275,neo4j1208
neo4j1275,neo4j1398
neo4j1276,neo4j1208
neo4j1276,neo4j3738
neo4j1276,neo4j1398
neo4j1277,neo4j1205
neo4j1280,neo4j1282
neo4j1280,neo4j1278
neo4j1280,neo4j3762
neo4j1281,neo4j1283
neo4j1281,neo4j3738
neo4j1281,neo4j1279
neo4j1281,neo4j3762
neo4j1282,neo4j1195
neo4j1282,neo4j1206
neo4j1282,neo4j3762
neo4j1282,neo4j1277
neo4j1282,neo4j1398
neo4j1283,neo4j3738
neo4j1283,neo4j1196
neo4j1283,neo4j1206
neo4j1283,neo4j3762
neo4j1283,neo4j1277
neo4j1283,neo4j1398
neo4j1284,neo4j1150
neo4j1285,neo4j3738
neo4j1285,neo4j1151
neo4j1295,neo4j3809
neo4j1297,neo4j1296
neo4j1308,neo4j547
neo4j1308,neo4j3920
neo4j1308,neo4j3875
neo4j1308,neo4j1309
neo4j1308,neo4j3809
neo4j1308,neo4j3921
neo4j1309,neo4j3835
neo4j1310,neo4j3832
neo4j1313,neo4j3809
neo4j1314,neo4j3922
neo4j1320,neo4j3923
neo4j1320,neo4j3846
neo4j1321,neo4j3925
neo4j1323,neo4j3923
neo4j1323,neo4j3846
neo4j1324,neo4j3926
neo4j1327,neo4j3923
neo4j1327,neo4j3846
neo4j1328,neo4j3925
neo4j1331,neo4j3923
neo4j1331,neo4j3846
neo4j1332,neo4j3926
neo4j1339,neo4j1340
neo4j1384,neo4j546
neo4j1384,neo4j1385
neo4j1385,neo4j950
neo4j1385,neo4j1386
neo4j1389,neo4j3830
neo4j1391,neo4j3830
neo4j1426,neo4j3809
neo4j1428,neo4j3809
neo4j1435,neo4j546
neo4j1435,neo4j3738
neo4j1435,neo4j1424
neo4j1436,neo4j546
neo4j1436,neo4j3738
neo4j1436,neo4j1424
neo4j1436,neo4j3748
neo4j1436,neo4j3762
neo4j1437,neo4j546
neo4j1437,neo4j3738
neo4j1437,neo4j1424
neo4j1437,neo4j3753
neo4j1437,neo4j1421
neo4j1445,neo4j3759
neo4j1445,neo4j3934
neo4j1445,neo4j3755
neo4j1445,neo4j3935
neo4j1445,neo4j3936
neo4j1445,neo4j3714
neo4j1445,neo4j3937
neo4j1445,neo4j3879
neo4j1445,neo4j3938
neo4j1445,neo4j3939
neo4j1445,neo4j3940
neo4j1445,neo4j3941
neo4j1445,neo4j3822
neo4j1445,neo4j3942
neo4j1445,neo4j3943
neo4j1445,neo4j3944
neo4j1445,neo4j3831
neo4j1445,neo4j1447
neo4j1445,neo4j1448
neo4j1446,neo4j1445
neo4j1447,neo4j3946
neo4j1447,neo4j3947
neo4j1447,neo4j1450
neo4j1447,neo4j3949
neo4j1447,neo4j3951
neo4j1447,neo4j3952
neo4j1448,neo4j3946
neo4j1448,neo4j3947
neo4j1448,neo4j1450
neo4j1448,neo4j3881
neo4j1449,neo4j3815
neo4j1450,neo4j3954
neo4j1451,neo4j3759
neo4j1455,neo4j3923
neo4j1456,neo4j3925
neo4j1457,neo4j505
neo4j1458,neo4j3923
neo4j1458,neo4j3956
neo4j1461,neo4j503
neo4j1462,neo4j3923
neo4j1464,neo4j506
neo4j1465,neo4j3923
neo4j1465,neo4j3959
neo4j1466,neo4j1461
neo4j1469,neo4j504
neo4j1469,neo4j503
neo4j1469,neo4j3962
neo4j1469,neo4j501
neo4j1470,neo4j3923
neo4j1472,neo4j506
neo4j1472,neo4j507
neo4j1473,neo4j3923
neo4j1473,neo4j3959
neo4j1474,neo4j1469
neo4j1477,neo4j504
neo4j1477,neo4j3964
neo4j1477,neo4j3965
neo4j1477,neo4j501
neo4j1478,neo4j3923
neo4j1480,neo4j507
neo4j1481,neo4j3923
neo4j1481,neo4j3959
neo4j1482,neo4j3966
neo4j1482,neo4j1477
neo4j1483,neo4j1477
neo4j1486,neo4j3923
neo4j1488,neo4j507
neo4j1488,neo4j509
neo4j1489,neo4j3923
neo4j1489,neo4j3956
neo4j1493,neo4j3969
neo4j1494,neo4j3923
neo4j1494,neo4j3970
neo4j1498,neo4j3759
neo4j1499,neo4j3759
neo4j1500,neo4j3759
neo4j1502,neo4j3759
neo4j1503,neo4j3759
neo4j1504,neo4j3759
neo4j1505,neo4j3759
neo4j1506,neo4j3759
neo4j1507,neo4j3759
neo4j1508,neo4j3759
neo4j1509,neo4j3759
neo4j1510,neo4j3759
neo4j1511,neo4j3759
neo4j1512,neo4j3759
neo4j1513,neo4j3759
neo4j1514,neo4j3759
neo4j1515,neo4j1498
neo4j1516,neo4j3755
neo4j1517,neo4j1498
neo4j1517,neo4j1499
neo4j1517,neo4j1500
neo4j1517,neo4j3755
neo4j1517,neo4j3759
neo4j1519,neo4j3923
neo4j1519,neo4j3972
neo4j1524,neo4j504
neo4j1524,neo4j503
neo4j1525,neo4j3923
neo4j1525,neo4j3846
neo4j1526,neo4j3926
neo4j1527,neo4j506
neo4j1527,neo4j507
neo4j1528,neo4j3923
neo4j1528,neo4j3956
neo4j1528,neo4j3959
neo4j1529,neo4j1524
neo4j1532,neo4j3978
neo4j1532,neo4j510
neo4j1533,neo4j508
neo4j1534,neo4j3923
neo4j1534,neo4j3809
neo4j1535,neo4j3922
neo4j1538,neo4j509
neo4j1539,neo4j3923
neo4j1543,neo4j1815
neo4j1543,neo4j1384
neo4j1543,neo4j1393
neo4j1543,neo4j1410
neo4j1544,neo4j1815
neo4j1544,neo4j1384
neo4j1544,neo4j1393
neo4j1544,neo4j1410
neo4j1545,neo4j1815
neo4j1545,neo4j1384
neo4j1545,neo4j1393
neo4j1545,neo4j1402
neo4j1545,neo4j1410
neo4j1545,neo4j1413
neo4j1548,neo4j1393
neo4j1548,neo4j1410
neo4j1549,neo4j1548
neo4j1549,neo4j1623
neo4j1551,neo4j1384
neo4j1551,neo4j1389
neo4j1552,neo4j1551
neo4j1552,neo4j1393
neo4j1552,neo4j1410
neo4j1554,neo4j1384
neo4j1554,neo4j1389
neo4j1554,neo4j3929
neo4j1555,neo4j1554
neo4j1555,neo4j1393
neo4j1555,neo4j1410
neo4j1557,neo4j1384
neo4j1557,neo4j1389
neo4j1558,neo4j1557
neo4j1558,neo4j1393
neo4j1558,neo4j1410
neo4j1560,neo4j1384
neo4j1560,neo4j1389
neo4j1560,neo4j3844
neo4j1561,neo4j1560
neo4j1561,neo4j1393
neo4j1561,neo4j1410
neo4j1563,neo4j1384
neo4j1563,neo4j1389
neo4j1563,neo4j3844
neo4j1564,neo4j1563
neo4j1564,neo4j1393
neo4j1564,neo4j1410
neo4j1566,neo4j1384
neo4j1566,neo4j1389
neo4j1567,neo4j1566
neo4j1567,neo4j1393
neo4j1567,neo4j1410
neo4j1569,neo4j1384
neo4j1569,neo4j1389
neo4j1570,neo4j1569
neo4j1570,neo4j1393
neo4j1570,neo4j1410
neo4j1572,neo4j1384
neo4j1572,neo4j1391
neo4j1573,neo4j1572
neo4j1573,neo4j1393
neo4j1573,neo4j1410
neo4j1575,neo4j1384
neo4j1575,neo4j1390
neo4j1576,neo4j1575
neo4j1578,neo4j1393
neo4j1578,neo4j1404
neo4j1578,neo4j1579
neo4j1579,neo4j1410
neo4j1580,neo4j1578
neo4j1582,neo4j3983
neo4j1584,neo4j1393
neo4j1584,neo4j1410
neo4j1586,neo4j1588
neo4j1588,neo4j1393
neo4j1588,neo4j1410
neo4j1589,neo4j3983
neo4j1590,neo4j1588
neo4j1592,neo4j1593
neo4j1593,neo4j1393
neo4j1593,neo4j1406
neo4j1593,neo4j1594
neo4j1593,neo4j1404
neo4j1593,neo4j1595
neo4j1594,neo4j1410
neo4j1595,neo4j1410
neo4j1597,neo4j1393
neo4j1597,neo4j1410
neo4j1598,neo4j1624
neo4j1598,neo4j1597
neo4j1600,neo4j1393
neo4j1600,neo4j1410
neo4j1600,neo4j1406
neo4j1601,neo4j1624
neo4j1601,neo4j1600
neo4j1601,neo4j1625
neo4j1603,neo4j1621
neo4j1604,neo4j1393
neo4j1604,neo4j1406
neo4j1604,neo4j1410
neo4j1605,neo4j1604
neo4j1607,neo4j1393
neo4j1607,neo4j1410
neo4j1608,neo4j1607
neo4j1608,neo4j1623
neo4j1610,neo4j1393
neo4j1610,neo4j1406
neo4j1610,neo4j1410
neo4j1611,neo4j1610
neo4j1611,neo4j1623
neo4j1613,neo4j1410
neo4j1614,neo4j1410
neo4j1615,neo4j1410
neo4j1616,neo4j1410
neo4j1617,neo4j1410
neo4j1617,neo4j3987
neo4j1618,neo4j1393
neo4j1618,neo4j1406
neo4j1618,neo4j1613
neo4j1618,neo4j1614
neo4j1618,neo4j1615
neo4j1618,neo4j3748
neo4j1618,neo4j1616
neo4j1618,neo4j1404
neo4j1619,neo4j1618
neo4j1619,neo4j1622
neo4j1619,neo4j1625
neo4j1621,neo4j1393
neo4j1621,neo4j1419
neo4j1621,neo4j1410
neo4j1622,neo4j1393
neo4j1622,neo4j1410
neo4j1623,neo4j1622
neo4j1624,neo4j1393
neo4j1624,neo4j1406
neo4j1624,neo4j1410
neo4j1625,neo4j1393
neo4j1625,neo4j1404
neo4j1625,neo4j1410
neo4j1627,neo4j1445
neo4j1639,neo4j1393
neo4j1639,neo4j1411
neo4j1639,neo4j1424
neo4j1639,neo4j3748
neo4j1639,neo4j3755
neo4j1639,neo4j1408
neo4j1640,neo4j1393
neo4j1640,neo4j1405
neo4j1640,neo4j1411
neo4j1640,neo4j1424
neo4j1640,neo4j3748
neo4j1640,neo4j3755
neo4j1640,neo4j1408
neo4j1641,neo4j1393
neo4j1641,neo4j1403
neo4j1641,neo4j1411
neo4j1641,neo4j1424
neo4j1641,neo4j3748
neo4j1641,neo4j3755
neo4j1641,neo4j1415
neo4j1641,neo4j1408
neo4j1642,neo4j1703
neo4j1642,neo4j1639
neo4j1643,neo4j1703
neo4j1643,neo4j1640
neo4j1644,neo4j1703
neo4j1644,neo4j1641
neo4j1646,neo4j1393
neo4j1646,neo4j1411
neo4j1646,neo4j1408
neo4j1647,neo4j1646
neo4j1647,neo4j1702
neo4j1649,neo4j1384
neo4j1649,neo4j1389
neo4j1650,neo4j1649
neo4j1650,neo4j1393
neo4j1650,neo4j1411
neo4j1650,neo4j1424
neo4j1650,neo4j1408
neo4j1652,neo4j1384
neo4j1652,neo4j1389
neo4j1652,neo4j3844
neo4j1653,neo4j1652
neo4j1653,neo4j1393
neo4j1653,neo4j1411
neo4j1653,neo4j1424
neo4j1653,neo4j1408
neo4j1655,neo4j1384
neo4j1655,neo4j1389
neo4j1655,neo4j3844
neo4j1656,neo4j1655
neo4j1656,neo4j1393
neo4j1656,neo4j1411
neo4j1656,neo4j1424
neo4j1656,neo4j1408
neo4j1658,neo4j1384
neo4j1658,neo4j1389
neo4j1659,neo4j1658
neo4j1659,neo4j1393
neo4j1659,neo4j1411
neo4j1659,neo4j1424
neo4j1659,neo4j1408
neo4j1661,neo4j1384
neo4j1661,neo4j1389
neo4j1662,neo4j1661
neo4j1662,neo4j1393
neo4j1662,neo4j1411
neo4j1662,neo4j1424
neo4j1662,neo4j1408
neo4j1664,neo4j1384
neo4j1664,neo4j1391
neo4j1665,neo4j1664
neo4j1665,neo4j1393
neo4j1665,neo4j1411
neo4j1665,neo4j1424
neo4j1665,neo4j1408
neo4j1667,neo4j1393
neo4j1667,neo4j1405
neo4j1667,neo4j1668
neo4j1667,neo4j1408
neo4j1668,neo4j1411
neo4j1669,neo4j1667
neo4j1671,neo4j3983
neo4j1673,neo4j1393
neo4j1673,neo4j1411
neo4j1673,neo4j1424
neo4j1673,neo4j1408
neo4j1675,neo4j1677
neo4j1677,neo4j1393
neo4j1677,neo4j1407
neo4j1677,neo4j1411
neo4j1677,neo4j3987
neo4j1677,neo4j1408
neo4j1678,neo4j3983
neo4j1680,neo4j1681
neo4j1681,neo4j1393
neo4j1681,neo4j1407
neo4j1681,neo4j1682
neo4j1681,neo4j1405
neo4j1681,neo4j1683
neo4j1681,neo4j1408
neo4j1682,neo4j1411
neo4j1683,neo4j1411
neo4j1685,neo4j1393
neo4j1685,neo4j1405
neo4j1685,neo4j1411
neo4j1685,neo4j1408
neo4j1686,neo4j1703
neo4j1686,neo4j1685
neo4j1688,neo4j1393
neo4j1688,neo4j1405
neo4j1688,neo4j1411
neo4j1688,neo4j1407
neo4j1688,neo4j1408
neo4j1689,neo4j1703
neo4j1689,neo4j1688
neo4j1689,neo4j1704
neo4j1689,neo4j1424
neo4j1691,neo4j1701
neo4j1692,neo4j1393
neo4j1692,neo4j1407
neo4j1692,neo4j1411
neo4j1692,neo4j1408
neo4j1693,neo4j1692
neo4j1695,neo4j1393
neo4j1695,neo4j1411
neo4j1695,neo4j1408
neo4j1696,neo4j1695
neo4j1696,neo4j1702
neo4j1698,neo4j1393
neo4j1698,neo4j1407
neo4j1698,neo4j1411
neo4j1698,neo4j1408
neo4j1699,neo4j1698
neo4j1699,neo4j1702
neo4j1701,neo4j1393
neo4j1701,neo4j1410
neo4j1701,neo4j1419
neo4j1702,neo4j1393
neo4j1702,neo4j1405
neo4j1702,neo4j1411
neo4j1702,neo4j1408
neo4j1703,neo4j1393
neo4j1703,neo4j1407
neo4j1703,neo4j1411
neo4j1703,neo4j1408
neo4j1704,neo4j1393
neo4j1704,neo4j1405
neo4j1704,neo4j1411
neo4j1704,neo4j1408
neo4j1706,neo4j1445
neo4j1717,neo4j1384
neo4j1717,neo4j1389
neo4j1717,neo4j1393
neo4j1717,neo4j1410
neo4j1718,neo4j1389
neo4j1718,neo4j1384
neo4j1718,neo4j1393
neo4j1718,neo4j1410
neo4j1718,neo4j1419
neo4j1719,neo4j1391
neo4j1719,neo4j1384
neo4j1719,neo4j1393
neo4j1719,neo4j1410
neo4j1719,neo4j1419
neo4j1720,neo4j1391
neo4j1720,neo4j1384
neo4j1720,neo4j1393
neo4j1720,neo4j1410
neo4j1720,neo4j1419
neo4j1722,neo4j1393
neo4j1722,neo4j1729
neo4j1723,neo4j1393
neo4j1723,neo4j1729
neo4j1723,neo4j1402
neo4j1723,neo4j1410
neo4j1723,neo4j1414
neo4j1724,neo4j1393
neo4j1724,neo4j1729
neo4j1724,neo4j1402
neo4j1724,neo4j1410
neo4j1724,neo4j1413
neo4j1724,neo4j3983
neo4j1725,neo4j1384
neo4j1725,neo4j1393
neo4j1725,neo4j163
neo4j1726,neo4j1393
neo4j1726,neo4j1729
neo4j1726,neo4j163
neo4j1727,neo4j1393
neo4j1727,neo4j1729
neo4j1727,neo4j1728
neo4j1727,neo4j3992
neo4j1727,neo4j3767
neo4j1727,neo4j1730
neo4j1728,neo4j3714
neo4j1728,neo4j3715
neo4j1729,neo4j163
neo4j1729,neo4j1410
neo4j1729,neo4j1413
neo4j1730,neo4j163
neo4j1730,neo4j1410
neo4j1730,neo4j1413
neo4j1734,neo4j1393
neo4j1734,neo4j1410
neo4j1735,neo4j1393
neo4j1735,neo4j1410
neo4j1736,neo4j1393
neo4j1736,neo4j1410
neo4j1737,neo4j1393
neo4j1737,neo4j1410
neo4j1738,neo4j1393
neo4j1738,neo4j1410
neo4j1739,neo4j1393
neo4j1739,neo4j1410
neo4j1740,neo4j1393
neo4j1740,neo4j1410
neo4j1741,neo4j1393
neo4j1741,neo4j1410
neo4j1742,neo4j1393
neo4j1742,neo4j1410
neo4j1743,neo4j1393
neo4j1743,neo4j1410
neo4j1745,neo4j1393
neo4j1745,neo4j1419
neo4j1745,neo4j1410
neo4j1747,neo4j744
neo4j1747,neo4j1384
neo4j1747,neo4j1393
neo4j1747,neo4j1410
neo4j1748,neo4j744
neo4j1748,neo4j1384
neo4j1748,neo4j1393
neo4j1748,neo4j1410
neo4j1749,neo4j1384
neo4j1749,neo4j1393
neo4j1749,neo4j1410
neo4j1750,neo4j1384
neo4j1750,neo4j1393
neo4j1750,neo4j1410
neo4j1751,neo4j1384
neo4j1751,neo4j1393
neo4j1751,neo4j1410
neo4j1752,neo4j1384
neo4j1752,neo4j1393
neo4j1752,neo4j1410
neo4j1753,neo4j1384
neo4j1753,neo4j1393
neo4j1753,neo4j1410
neo4j1753,neo4j3767
neo4j1753,neo4j104
neo4j1754,neo4j1384
neo4j1754,neo4j104
neo4j1754,neo4j3994
neo4j1754,neo4j1394
neo4j1755,neo4j1384
neo4j1755,neo4j3929
neo4j1755,neo4j104
neo4j1755,neo4j3748
neo4j1755,neo4j1948
neo4j1755,neo4j3750
neo4j1755,neo4j1395
neo4j1757,neo4j1393
neo4j1757,neo4j1410
neo4j1757,neo4j1419
neo4j1757,neo4j3755
neo4j1757,neo4j1295
neo4j1758,neo4j1393
neo4j1758,neo4j1410
neo4j1758,neo4j1419
neo4j1759,neo4j1393
neo4j1759,neo4j1410
neo4j1760,neo4j1393
neo4j1760,neo4j1410
neo4j1760,neo4j1419
neo4j1761,neo4j1393
neo4j1761,neo4j1410
neo4j1762,neo4j1393
neo4j1762,neo4j1410
neo4j1763,neo4j1393
neo4j1763,neo4j1402
neo4j1763,neo4j1410
neo4j1763,neo4j1413
neo4j1765,neo4j1384
neo4j1765,neo4j1393
neo4j1765,neo4j1410
neo4j1765,neo4j3834
neo4j1766,neo4j1384
neo4j1766,neo4j1393
neo4j1766,neo4j1410
neo4j1766,neo4j3983
neo4j1767,neo4j1384
neo4j1767,neo4j1393
neo4j1767,neo4j1410
neo4j1767,neo4j3983
neo4j1768,neo4j1393
neo4j1768,neo4j1410
neo4j1768,neo4j1419
neo4j1769,neo4j1393
neo4j1769,neo4j1402
neo4j1769,neo4j1410
neo4j1770,neo4j1393
neo4j1770,neo4j1419
neo4j1770,neo4j1410
neo4j1771,neo4j1393
neo4j1771,neo4j1419
neo4j1771,neo4j1410
neo4j1772,neo4j1393
neo4j1772,neo4j1402
neo4j1772,neo4j1419
neo4j1772,neo4j1410
neo4j1773,neo4j1393
neo4j1773,neo4j1402
neo4j1773,neo4j1410
neo4j1773,neo4j1413
neo4j1773,neo4j3983
neo4j1774,neo4j1384
neo4j1774,neo4j1393
neo4j1774,neo4j1402
neo4j1774,neo4j1419
neo4j1774,neo4j1410
neo4j1774,neo4j3983
neo4j1775,neo4j1384
neo4j1775,neo4j1393
neo4j1775,neo4j1410
neo4j1776,neo4j1384
neo4j1776,neo4j1393
neo4j1776,neo4j1410
neo4j1776,neo4j1419
neo4j1777,neo4j1384
neo4j1777,neo4j1393
neo4j1777,neo4j1410
neo4j1778,neo4j1384
neo4j1778,neo4j1393
neo4j1778,neo4j1410
neo4j1778,neo4j1419
neo4j1779,neo4j1384
neo4j1779,neo4j1393
neo4j1779,neo4j1410
neo4j1780,neo4j1384
neo4j1780,neo4j1393
neo4j1780,neo4j1410
neo4j1780,neo4j1419
neo4j1781,neo4j1384
neo4j1781,neo4j1393
neo4j1781,neo4j1411
neo4j1782,neo4j1384
neo4j1782,neo4j1393
neo4j1782,neo4j1411
neo4j1783,neo4j1384
neo4j1783,neo4j1393
neo4j1783,neo4j1411
neo4j1783,neo4j1423
neo4j1785,neo4j1393
neo4j1785,neo4j1406
neo4j1785,neo4j3995
neo4j1786,neo4j1393
neo4j1786,neo4j1410
neo4j1787,neo4j1393
neo4j1787,neo4j1410
neo4j1787,neo4j1414
neo4j1788,neo4j1393
neo4j1788,neo4j1406
neo4j1788,neo4j1410
neo4j1788,neo4j1413
neo4j1789,neo4j1384
neo4j1789,neo4j1393
neo4j1789,neo4j1402
neo4j1789,neo4j1410
neo4j1790,neo4j1384
neo4j1790,neo4j1393
neo4j1790,neo4j1402
neo4j1790,neo4j1410
neo4j1790,neo4j1419
neo4j1791,neo4j1384
neo4j1791,neo4j1393
neo4j1791,neo4j1402
neo4j1791,neo4j1410
neo4j1792,neo4j1384
neo4j1792,neo4j1393
neo4j1792,neo4j1402
neo4j1792,neo4j1410
neo4j1792,neo4j1419
neo4j1793,neo4j1384
neo4j1793,neo4j1393
neo4j1793,neo4j1402
neo4j1793,neo4j1410
neo4j1794,neo4j1384
neo4j1794,neo4j1393
neo4j1794,neo4j1402
neo4j1794,neo4j1410
neo4j1794,neo4j1419
neo4j1795,neo4j1384
neo4j1795,neo4j1393
neo4j1795,neo4j1403
neo4j1795,neo4j1411
neo4j1796,neo4j1384
neo4j1796,neo4j1393
neo4j1796,neo4j1403
neo4j1796,neo4j1411
neo4j1797,neo4j1384
neo4j1797,neo4j1393
neo4j1797,neo4j1403
neo4j1797,neo4j1411
neo4j1797,neo4j1423
neo4j1800,neo4j1803
neo4j1801,neo4j1800
neo4j1801,neo4j1804
neo4j1801,neo4j1295
neo4j1801,neo4j1802
neo4j1802,neo4j3832
neo4j1803,neo4j1849
neo4j1803,neo4j1839
neo4j1804,neo4j3832
neo4j1805,neo4j4000
neo4j1805,neo4j4001
neo4j1815,neo4j1817
neo4j1816,neo4j1841
neo4j1816,neo4j1818
neo4j1817,neo4j4000
neo4j1817,neo4j4005
neo4j1818,neo4j4006
neo4j1818,neo4j4007
neo4j1818,neo4j3746
neo4j1830,neo4j1907
neo4j1832,neo4j1867
neo4j1846,neo4j3987
neo4j1847,neo4j3906
neo4j1851,neo4j3906
neo4j1852,neo4j1851
neo4j1852,neo4j1846
neo4j1852,neo4j1856
neo4j1852,neo4j3885
neo4j1853,neo4j1851
neo4j1853,neo4j1855
neo4j1854,neo4j1846
neo4j1854,neo4j1856
neo4j1854,neo4j3885
neo4j1854,neo4j1855
neo4j1862,neo4j1849
neo4j1862,neo4j1839
neo4j1866,neo4j1874
neo4j1867,neo4j1873
neo4j1867,neo4j1866
neo4j1870,neo4j4027
neo4j1870,neo4j1838
neo4j1870,neo4j1839
neo4j1870,neo4j1802
neo4j1871,neo4j1838
neo4j1871,neo4j1872
neo4j1871,neo4j1839
neo4j1872,neo4j3809
neo4j1872,neo4j4028
neo4j1872,neo4j3832
neo4j1872,neo4j3906
neo4j1873,neo4j1838
neo4j1873,neo4j1839
neo4j1874,neo4j1838
neo4j1874,neo4j1839
neo4j1884,neo4j4027
neo4j1884,neo4j1838
neo4j1884,neo4j3749
neo4j1884,neo4j3832
neo4j1884,neo4j3748
neo4j1884,neo4j1839
neo4j1884,neo4j3885
neo4j1884,neo4j1889
neo4j1884,neo4j1295
neo4j1884,neo4j1802
neo4j1885,neo4j1838
neo4j1885,neo4j1839
neo4j1886,neo4j1838
neo4j1886,neo4j1839
neo4j1887,neo4j1838
neo4j1887,neo4j1839
neo4j1888,neo4j1886
neo4j1888,neo4j1889
neo4j1888,neo4j1885
neo4j1889,neo4j1838
neo4j1889,neo4j1897
neo4j1890,neo4j4000
neo4j1890,neo4j4005
neo4j1890,neo4j1886
neo4j1890,neo4j1838
neo4j1890,neo4j4031
neo4j1890,neo4j1885
neo4j1897,neo4j4000
neo4j1897,neo4j4032
neo4j1897,neo4j4034
neo4j1897,neo4j4028
neo4j1897,neo4j3712
neo4j1897,neo4j4036
neo4j1897,neo4j3832
neo4j1897,neo4j4037
neo4j1897,neo4j4038
neo4j1897,neo4j4039
neo4j1903,neo4j1384
neo4j1904,neo4j3983
neo4j1905,neo4j1904
neo4j1905,neo4j1888
neo4j1905,neo4j1907
neo4j1905,neo4j1903
neo4j1906,neo4j1904
neo4j1906,neo4j1890
neo4j1906,neo4j1907
neo4j1906,neo4j1903
neo4j1907,neo4j1904
neo4j1907,neo4j1886
neo4j1907,neo4j1887
neo4j1908,neo4j3755
neo4j1912,neo4j1384
neo4j1912,neo4j1389
neo4j1912,neo4j1393
neo4j1912,neo4j1411
neo4j1912,neo4j1408
neo4j1913,neo4j1384
neo4j1913,neo4j1393
neo4j1913,neo4j1411
neo4j1913,neo4j1424
neo4j1913,neo4j1408
neo4j1914,neo4j1384
neo4j1914,neo4j1389
neo4j1914,neo4j1393
neo4j1914,neo4j1411
neo4j1914,neo4j1408
neo4j1915,neo4j1384
neo4j1915,neo4j1393
neo4j1915,neo4j1411
neo4j1915,neo4j1424
neo4j1915,neo4j3983
neo4j1916,neo4j1384
neo4j1916,neo4j1393
neo4j1916,neo4j1411
neo4j1916,neo4j1424
neo4j1916,neo4j3983
neo4j1916,neo4j1408
neo4j1917,neo4j1384
neo4j1917,neo4j3929
neo4j1917,neo4j104
neo4j1917,neo4j3748
neo4j1917,neo4j1948
neo4j1917,neo4j3750
neo4j1917,neo4j1395
neo4j1919,neo4j1384
neo4j1919,neo4j1389
neo4j1919,neo4j1393
neo4j1919,neo4j1410
neo4j1920,neo4j1384
neo4j1920,neo4j1393
neo4j1920,neo4j1410
neo4j1921,neo4j1384
neo4j1921,neo4j1393
neo4j1921,neo4j1410
neo4j1922,neo4j1384
neo4j1922,neo4j1389
neo4j1922,neo4j1393
neo4j1922,neo4j1410
neo4j1923,neo4j1384
neo4j1923,neo4j1393
neo4j1923,neo4j1410
neo4j1923,neo4j3983
neo4j1924,neo4j1384
neo4j1924,neo4j1393
neo4j1924,neo4j1410
neo4j1924,neo4j3983
neo4j1925,neo4j1384
neo4j1925,neo4j3929
neo4j1925,neo4j104
neo4j1925,neo4j3994
neo4j1925,neo4j1394
neo4j1927,neo4j1931
neo4j1927,neo4j3748
neo4j1927,neo4j1949
neo4j1927,neo4j4042
neo4j1927,neo4j3885
neo4j1927,neo4j4043
neo4j1927,neo4j1929
neo4j1927,neo4j100
neo4j1928,neo4j1932
neo4j1928,neo4j3748
neo4j1928,neo4j1950
neo4j1928,neo4j3750
neo4j1928,neo4j4043
neo4j1928,neo4j1929
neo4j1928,neo4j101
neo4j1930,neo4j3929
neo4j1930,neo4j1385
neo4j1930,neo4j104
neo4j1931,neo4j4007
neo4j1931,neo4j4045
neo4j1931,neo4j267
neo4j1931,neo4j4006
neo4j1931,neo4j3746
neo4j1932,neo4j4045
neo4j1932,neo4j268
neo4j1932,neo4j3746
neo4j1933,neo4j1945
neo4j1933,neo4j100
neo4j1935,neo4j139
neo4j1935,neo4j4046
neo4j1947,neo4j3739
neo4j1947,neo4j1393
neo4j1947,neo4j1410
neo4j1947,neo4j1419
neo4j1948,neo4j3739
neo4j1948,neo4j1393
neo4j1948,neo4j1411
neo4j1948,neo4j1421
neo4j1948,neo4j1408
neo4j1949,neo4j4007
neo4j1949,neo4j3739
neo4j1949,neo4j1393
neo4j1949,neo4j1419
neo4j1949,neo4j1410
neo4j1949,neo4j1404
neo4j1949,neo4j1406
neo4j1950,neo4j3739
neo4j1950,neo4j1393
neo4j1950,neo4j1423
neo4j1950,neo4j1411
neo4j1950,neo4j1405
neo4j1950,neo4j1407
neo4j1950,neo4j1408
neo4j1959,neo4j1393
neo4j1959,neo4j1410
neo4j1960,neo4j1393
neo4j1960,neo4j1410
neo4j1961,neo4j1964
neo4j1964,neo4j1393
neo4j1964,neo4j1410
neo4j1965,neo4j1393
neo4j1965,neo4j1410
neo4j1966,neo4j1967
neo4j1967,neo4j1968
neo4j1968,neo4j4048
neo4j1968,neo4j3769
neo4j1975,neo4j2021
neo4j1976,neo4j2021
neo4j1977,neo4j2021
neo4j1978,neo4j2021
neo4j1978,neo4j3932
neo4j1979,neo4j2021
neo4j1980,neo4j2021
neo4j1980,neo4j1522
neo4j1980,neo4j3929
neo4j1981,neo4j2021
neo4j1981,neo4j1522
neo4j1982,neo4j2023
neo4j1983,neo4j2023
neo4j1984,neo4j2023
neo4j1985,neo4j3929
neo4j1985,neo4j2023
neo4j1986,neo4j2023
neo4j1987,neo4j1522
neo4j1987,neo4j3929
neo4j1987,neo4j2023
neo4j1988,neo4j1522
neo4j1988,neo4j2023
neo4j1989,neo4j2028
neo4j1990,neo4j2029
neo4j1991,neo4j2031
neo4j1992,neo4j2033
neo4j1993,neo4j2035
neo4j1994,neo4j2036
neo4j1995,neo4j2038
neo4j1996,neo4j4048
neo4j1996,neo4j2028
neo4j1997,neo4j4048
neo4j1997,neo4j2029
neo4j1998,neo4j4048
neo4j1998,neo4j2031
neo4j1999,neo4j4048
neo4j1999,neo4j2033
neo4j2000,neo4j4048
neo4j2000,neo4j2035
neo4j2001,neo4j4048
neo4j2001,neo4j2036
neo4j2002,neo4j4048
neo4j2002,neo4j2038
neo4j2003,neo4j2022
neo4j2004,neo4j2022
neo4j2004,neo4j3966
neo4j2005,neo4j2022
neo4j2005,neo4j3966
neo4j2005,neo4j3964
neo4j2005,neo4j3965
neo4j2006,neo4j2022
neo4j2007,neo4j2022
neo4j2007,neo4j3962
neo4j2008,neo4j2022
neo4j2009,neo4j2022
neo4j2009,neo4j3964
neo4j2009,neo4j3965
neo4j2010,neo4j2022
neo4j2010,neo4j3929
neo4j2011,neo4j2022
neo4j2011,neo4j3962
neo4j2011,neo4j3929
neo4j2012,neo4j2025
neo4j2013,neo4j3962
neo4j2013,neo4j2025
neo4j2014,neo4j3929
neo4j2014,neo4j2025
neo4j2015,neo4j3962
neo4j2015,neo4j3929
neo4j2015,neo4j2025
neo4j2016,neo4j2025
neo4j2017,neo4j3964
neo4j2017,neo4j3965
neo4j2017,neo4j2025
neo4j2018,neo4j4048
neo4j2018,neo4j2032
neo4j2019,neo4j4048
neo4j2019,neo4j2037
neo4j2020,neo4j4048
neo4j2020,neo4j2034
neo4j2021,neo4j1393
neo4j2021,neo4j1410
neo4j2022,neo4j1393
neo4j2022,neo4j1410
neo4j2023,neo4j1393
neo4j2023,neo4j1410
neo4j2024,neo4j1393
neo4j2024,neo4j1410
neo4j2025,neo4j1393
neo4j2025,neo4j1410
neo4j2026,neo4j1393
neo4j2026,neo4j1410
neo4j2027,neo4j1393
neo4j2027,neo4j1410
neo4j2028,neo4j4048
neo4j2029,neo4j4048
neo4j2030,neo4j4048
neo4j2031,neo4j4048
neo4j2032,neo4j3966
neo4j2032,neo4j2030
neo4j2032,neo4j2034
neo4j2033,neo4j4048
neo4j2034,neo4j1477
neo4j2034,neo4j4048
neo4j2035,neo4j2033
neo4j2035,neo4j4048
neo4j2036,neo4j2031
neo4j2036,neo4j1522
neo4j2036,neo4j4048
neo4j2037,neo4j2032
neo4j2037,neo4j3929
neo4j2037,neo4j4048
neo4j2038,neo4j2031
neo4j2038,neo4j1522
neo4j2038,neo4j2039
neo4j2046,neo4j933
neo4j2047,neo4j2085
neo4j2047,neo4j934
neo4j2048,neo4j933
neo4j2049,neo4j2085
neo4j2049,neo4j934
neo4j2054,neo4j3739
neo4j2055,neo4j3739
neo4j2055,neo4j3740
neo4j2056,neo4j3739
neo4j2056,neo4j3740
neo4j2057,neo4j3739
neo4j2058,neo4j3739
neo4j2058,neo4j3740
neo4j2059,neo4j3739
neo4j2059,neo4j933
neo4j2060,neo4j3740
neo4j2060,neo4j3739
neo4j2060,neo4j2085
neo4j2060,neo4j934
neo4j2061,neo4j3740
neo4j2062,neo4j3739
neo4j2076,neo4j4058
neo4j2077,neo4j4058
neo4j2085,neo4j2090
neo4j2088,neo4j4061
neo4j2092,neo4j955
neo4j2093,neo4j956
neo4j2094,neo4j3755
neo4j2110,neo4j2106
neo4j2111,neo4j2107
neo4j2111,neo4j2108
neo4j2112,neo4j2107
neo4j2112,neo4j4001
neo4j2112,neo4j2108
neo4j2113,neo4j2107
neo4j2113,neo4j4001
neo4j2113,neo4j2108
neo4j2115,neo4j2104
neo4j2115,neo4j2180
neo4j2115,neo4j2198
neo4j2115,neo4j2220
neo4j2115,neo4j2267
neo4j2115,neo4j2312
neo4j2115,neo4j2338
neo4j2115,neo4j2413
neo4j2119,neo4j2405
neo4j2119,neo4j3748
neo4j2120,neo4j2405
neo4j2120,neo4j3830
neo4j2123,neo4j2127
neo4j2123,neo4j2126
neo4j2123,neo4j2125
neo4j2123,neo4j2124
neo4j2123,neo4j2122
neo4j2125,neo4j3832
neo4j2125,neo4j2127
neo4j2125,neo4j3748
neo4j2125,neo4j2126
neo4j2125,neo4j3809
neo4j2125,neo4j4028
neo4j2125,neo4j1329
neo4j2126,neo4j3809
neo4j2126,neo4j2128
neo4j2126,neo4j3922
neo4j2126,neo4j3926
neo4j2127,neo4j3809
neo4j2127,neo4j2128
neo4j2127,neo4j2129
neo4j2127,neo4j3926
neo4j2128,neo4j3832
neo4j2128,neo4j2122
neo4j2128,neo4j3830
neo4j2129,neo4j3832
neo4j2130,neo4j4064
neo4j2130,neo4j2132
neo4j2130,neo4j2131
neo4j2154,neo4j2123
neo4j2155,neo4j2123
neo4j2156,neo4j2123
neo4j2157,neo4j2123
neo4j2158,neo4j2123
neo4j2160,neo4j2128
neo4j2161,neo4j2128
neo4j2161,neo4j4066
neo4j2162,neo4j2128
neo4j2162,neo4j4066
neo4j2164,neo4j2127
neo4j2165,neo4j2127
neo4j2166,neo4j2127
neo4j2168,neo4j2126
neo4j2169,neo4j2126
neo4j2171,neo4j2125
neo4j2171,neo4j2130
neo4j2172,neo4j2125
neo4j2172,neo4j2130
neo4j2174,neo4j2124
neo4j2175,neo4j2124
neo4j2186,neo4j2182
neo4j2187,neo4j2183
neo4j2187,neo4j2184
neo4j2188,neo4j2183
neo4j2188,neo4j2184
neo4j2191,neo4j1384
neo4j2192,neo4j1384
neo4j2192,neo4j1389
neo4j2204,neo4j2200
neo4j2205,neo4j2201
neo4j2205,neo4j2202
neo4j2206,neo4j2201
neo4j2206,neo4j2202
neo4j2207,neo4j2201
neo4j2207,neo4j2202
neo4j2208,neo4j2201
neo4j2208,neo4j2202
neo4j2209,neo4j2201
neo4j2209,neo4j2202
neo4j2210,neo4j2201
neo4j2210,neo4j2202
neo4j2213,neo4j2393
neo4j2213,neo4j1410
neo4j2214,neo4j2213
neo4j2226,neo4j2222
neo4j2227,neo4j2223
neo4j2227,neo4j2224
neo4j2228,neo4j2223
neo4j2228,neo4j2224
neo4j2229,neo4j2223
neo4j2229,neo4j2224
neo4j2230,neo4j2223
neo4j2230,neo4j2224
neo4j2231,neo4j2223
neo4j2231,neo4j2224
neo4j2232,neo4j2223
neo4j2232,neo4j2224
neo4j2233,neo4j2223
neo4j2233,neo4j2224
neo4j2234,neo4j2223
neo4j2234,neo4j2224
neo4j2235,neo4j2223
neo4j2235,neo4j2224
neo4j2236,neo4j2223
neo4j2236,neo4j4001
neo4j2236,neo4j2224
neo4j2237,neo4j2223
neo4j2237,neo4j2224
neo4j2238,neo4j2223
neo4j2238,neo4j2224
neo4j2239,neo4j2223
neo4j2239,neo4j2224
neo4j2240,neo4j2223
neo4j2240,neo4j2224
neo4j2241,neo4j2223
neo4j2241,neo4j2224
neo4j2242,neo4j2223
neo4j2242,neo4j2224
neo4j2243,neo4j2223
neo4j2243,neo4j2224
neo4j2253,neo4j3832
neo4j2253,neo4j4070
neo4j2253,neo4j3715
neo4j2253,neo4j3906
neo4j2257,neo4j2262
neo4j2257,neo4j3755
neo4j2258,neo4j2262
neo4j2261,neo4j3759
neo4j2261,neo4j2253
neo4j2261,neo4j3824
neo4j2261,neo4j4071
neo4j2264,neo4j3755
neo4j2273,neo4j2269
neo4j2274,neo4j2270
neo4j2274,neo4j2271
neo4j2275,neo4j2270
neo4j2275,neo4j2271
neo4j2276,neo4j2270
neo4j2276,neo4j2271
neo4j2277,neo4j2270
neo4j2277,neo4j2271
neo4j2278,neo4j2270
neo4j2278,neo4j2271
neo4j2279,neo4j2270
neo4j2279,neo4j2271
neo4j2280,neo4j2270
neo4j2280,neo4j2271
neo4j2281,neo4j2270
neo4j2281,neo4j2271
neo4j2282,neo4j2270
neo4j2282,neo4j2271
neo4j2283,neo4j2270
neo4j2283,neo4j2271
neo4j2284,neo4j2270
neo4j2284,neo4j2271
neo4j2285,neo4j2270
neo4j2285,neo4j2271
neo4j2286,neo4j2270
neo4j2286,neo4j2271
neo4j2287,neo4j2270
neo4j2287,neo4j2271
neo4j2288,neo4j2270
neo4j2288,neo4j2271
neo4j2289,neo4j2270
neo4j2289,neo4j2271
neo4j2290,neo4j2270
neo4j2290,neo4j2271
neo4j2303,neo4j3748
neo4j2318,neo4j2314
neo4j2319,neo4j2315
neo4j2319,neo4j2316
neo4j2320,neo4j2315
neo4j2320,neo4j2316
neo4j2321,neo4j2315
neo4j2321,neo4j2316
neo4j2322,neo4j2315
neo4j2322,neo4j2316
neo4j2323,neo4j2315
neo4j2323,neo4j2316
neo4j2324,neo4j2315
neo4j2324,neo4j2316
neo4j2325,neo4j2315
neo4j2325,neo4j2316
neo4j2330,neo4j2393
neo4j2330,neo4j1402
neo4j2330,neo4j1410
neo4j2331,neo4j2393
neo4j2331,neo4j1402
neo4j2332,neo4j2393
neo4j2332,neo4j1410
neo4j2332,neo4j1419
neo4j2333,neo4j1384
neo4j2333,neo4j1393
neo4j2333,neo4j1410
neo4j2334,neo4j1384
neo4j2344,neo4j2340
neo4j2345,neo4j2341
neo4j2345,neo4j2342
neo4j2346,neo4j2341
neo4j2346,neo4j2342
neo4j2347,neo4j2341
neo4j2347,neo4j2342
neo4j2348,neo4j2341
neo4j2348,neo4j2342
neo4j2349,neo4j2341
neo4j2349,neo4j2342
neo4j2350,neo4j2341
neo4j2350,neo4j2342
neo4j2351,neo4j2341
neo4j2351,neo4j2342
neo4j2352,neo4j2341
neo4j2352,neo4j2342
neo4j2353,neo4j2341
neo4j2353,neo4j2342
neo4j2354,neo4j2341
neo4j2354,neo4j2342
neo4j2355,neo4j2341
neo4j2355,neo4j2342
neo4j2356,neo4j2341
neo4j2356,neo4j2342
neo4j2357,neo4j2341
neo4j2357,neo4j2342
neo4j2358,neo4j2341
neo4j2358,neo4j2342
neo4j2359,neo4j2341
neo4j2359,neo4j2342
neo4j2360,neo4j2341
neo4j2360,neo4j2342
neo4j2361,neo4j2341
neo4j2361,neo4j2342
neo4j2362,neo4j2341
neo4j2362,neo4j2342
neo4j2363,neo4j2341
neo4j2363,neo4j2342
neo4j2364,neo4j2341
neo4j2364,neo4j2342
neo4j2365,neo4j2341
neo4j2365,neo4j2342
neo4j2366,neo4j2341
neo4j2366,neo4j2342
neo4j2367,neo4j2341
neo4j2367,neo4j2342
neo4j2368,neo4j2341
neo4j2368,neo4j2342
neo4j2369,neo4j2341
neo4j2369,neo4j2342
neo4j2370,neo4j2341
neo4j2370,neo4j2342
neo4j2371,neo4j2341
neo4j2371,neo4j2342
neo4j2372,neo4j2341
neo4j2372,neo4j2342
neo4j2373,neo4j2341
neo4j2373,neo4j2342
neo4j2374,neo4j2341
neo4j2374,neo4j2342
neo4j2375,neo4j2341
neo4j2375,neo4j2342
neo4j2376,neo4j2341
neo4j2376,neo4j2342
neo4j2377,neo4j2341
neo4j2377,neo4j2342
neo4j2378,neo4j2341
neo4j2378,neo4j2342
neo4j2381,neo4j2393
neo4j2381,neo4j1419
neo4j2381,neo4j1410
neo4j2383,neo4j2392
neo4j2383,neo4j1410
neo4j2384,neo4j2383
neo4j2385,neo4j2383
neo4j2386,neo4j2392
neo4j2387,neo4j2386
neo4j2388,neo4j2393
neo4j2388,neo4j1419
neo4j2388,neo4j1410
neo4j2388,neo4j3755
neo4j2389,neo4j3748
neo4j2392,neo4j1393
neo4j2393,neo4j1393
neo4j2394,neo4j3983
neo4j2396,neo4j1907
neo4j2398,neo4j3987
neo4j2405,neo4j3943
neo4j2405,neo4j3714
neo4j2405,neo4j3879
neo4j2406,neo4j3780
neo4j2407,neo4j2408
neo4j2408,neo4j2409
neo4j2409,neo4j2410
neo4j2410,neo4j3923
neo4j2410,neo4j3759
neo4j2410,neo4j2132
neo4j2410,neo4j2131
neo4j2410,neo4j2130
neo4j2410,neo4j3846
neo4j2420,neo4j2415
neo4j2421,neo4j2416
neo4j2421,neo4j2418
neo4j2421,neo4j4001
neo4j2421,neo4j2417
neo4j2422,neo4j2416
neo4j2422,neo4j2418
neo4j2422,neo4j4001
neo4j2422,neo4j2417
neo4j2423,neo4j2416
neo4j2423,neo4j2418
neo4j2423,neo4j2417
neo4j2424,neo4j2416
neo4j2424,neo4j2418
neo4j2424,neo4j2417
neo4j2428,neo4j2405
neo4j2429,neo4j2443
neo4j2436,neo4j2392
neo4j2436,neo4j1410
neo4j2437,neo4j2392
neo4j2437,neo4j1410
neo4j2438,neo4j2392
neo4j2438,neo4j1410
neo4j2443,neo4j3832
neo4j2450,neo4j1389
neo4j2450,neo4j3780
neo4j2451,neo4j1389
neo4j2453,neo4j1390
neo4j2455,neo4j1391
neo4j2455,neo4j3780
neo4j2456,neo4j1391
neo4j2458,neo4j6
neo4j2458,neo4j7
neo4j2458,neo4j8
neo4j2458,neo4j9
neo4j2459,neo4j6
neo4j2459,neo4j7
neo4j2459,neo4j8
neo4j2459,neo4j9
neo4j2466,neo4j1356
neo4j2466,neo4j1363
neo4j2467,neo4j1356
neo4j2467,neo4j1362
neo4j2467,neo4j1363
neo4j2468,neo4j1356
neo4j2468,neo4j1360
neo4j2469,neo4j1356
neo4j2469,neo4j1362
neo4j2470,neo4j1356
neo4j2470,neo4j1357
neo4j2471,neo4j1356
neo4j2471,neo4j1358
neo4j2472,neo4j1356
neo4j2472,neo4j1362
neo4j2472,neo4j1360
neo4j2474,neo4j34
neo4j2475,neo4j2555
neo4j2475,neo4j34
neo4j2475,neo4j269
neo4j2475,neo4j4078
neo4j2475,neo4j4006
neo4j2475,neo4j3746
neo4j2476,neo4j3765
neo4j2476,neo4j2555
neo4j2476,neo4j34
neo4j2477,neo4j2555
neo4j2477,neo4j3748
neo4j2477,neo4j34
neo4j2477,neo4j269
neo4j2478,neo4j2555
neo4j2478,neo4j34
neo4j2478,neo4j269
neo4j2479,neo4j2555
neo4j2479,neo4j34
neo4j2480,neo4j34
neo4j2481,neo4j34
neo4j2482,neo4j34
neo4j2483,neo4j34
neo4j2484,neo4j3772
neo4j2484,neo4j3765
neo4j2484,neo4j34
neo4j2485,neo4j3772
neo4j2485,neo4j3765
neo4j2485,neo4j34
neo4j2486,neo4j3748
neo4j2486,neo4j3772
neo4j2486,neo4j2556
neo4j2486,neo4j4007
neo4j2486,neo4j3746
neo4j2486,neo4j34
neo4j2486,neo4j4042
neo4j2487,neo4j2555
neo4j2487,neo4j137
neo4j2487,neo4j34
neo4j2488,neo4j2556
neo4j2488,neo4j42
neo4j2488,neo4j34
neo4j2489,neo4j1356
neo4j2489,neo4j1362
neo4j2489,neo4j1363
neo4j2489,neo4j1364
neo4j2489,neo4j3844
neo4j2489,neo4j2555
neo4j2489,neo4j34
neo4j2490,neo4j1356
neo4j2490,neo4j1364
neo4j2490,neo4j3844
neo4j2490,neo4j2555
neo4j2490,neo4j34
neo4j2491,neo4j1356
neo4j2491,neo4j1362
neo4j2491,neo4j1363
neo4j2491,neo4j1364
neo4j2491,neo4j3844
neo4j2491,neo4j2555
neo4j2491,neo4j34
neo4j2491,neo4j36
neo4j2492,neo4j1356
neo4j2492,neo4j1364
neo4j2492,neo4j3844
neo4j2492,neo4j2555
neo4j2492,neo4j36
neo4j2494,neo4j2555
neo4j2497,neo4j2555
neo4j2498,neo4j2555
neo4j2499,neo4j3765
neo4j2501,neo4j42
neo4j2503,neo4j2555
neo4j2503,neo4j137
neo4j2504,neo4j137
neo4j2505,neo4j2555
neo4j2505,neo4j137
neo4j2506,neo4j2555
neo4j2506,neo4j137
neo4j2509,neo4j2555
neo4j2510,neo4j2555
neo4j2511,neo4j2555
neo4j2514,neo4j34
neo4j2514,neo4j269
neo4j2515,neo4j34
neo4j2515,neo4j269
neo4j2516,neo4j3771
neo4j2516,neo4j3772
neo4j2516,neo4j4007
neo4j2516,neo4j34
neo4j2516,neo4j3739
neo4j2516,neo4j4048
neo4j2516,neo4j4079
neo4j2516,neo4j3767
neo4j2516,neo4j269
neo4j2516,neo4j4046
neo4j2516,neo4j3732
neo4j2516,neo4j4006
neo4j2517,neo4j36
neo4j2517,neo4j270
neo4j2518,neo4j36
neo4j2518,neo4j270
neo4j2519,neo4j3771
neo4j2519,neo4j3772
neo4j2519,neo4j4007
neo4j2519,neo4j36
neo4j2519,neo4j3739
neo4j2519,neo4j4048
neo4j2519,neo4j4079
neo4j2519,neo4j3746
neo4j2519,neo4j270
neo4j2519,neo4j4046
neo4j2519,neo4j3767
neo4j2519,neo4j3732
neo4j2521,neo4j2555
neo4j2521,neo4j34
neo4j2522,neo4j2555
neo4j2523,neo4j2555
neo4j2523,neo4j137
neo4j2524,neo4j2555
neo4j2524,neo4j46
neo4j2525,neo4j2555
neo4j2525,neo4j44
neo4j2526,neo4j2555
neo4j2526,neo4j34
neo4j2527,neo4j2555
neo4j2528,neo4j2555
neo4j2528,neo4j137
neo4j2529,neo4j2555
neo4j2529,neo4j46
neo4j2530,neo4j2555
neo4j2530,neo4j44
neo4j2531,neo4j2555
neo4j2531,neo4j34
neo4j2532,neo4j2555
neo4j2533,neo4j2555
neo4j2533,neo4j137
neo4j2534,neo4j2555
neo4j2534,neo4j46
neo4j2535,neo4j2555
neo4j2535,neo4j44
neo4j2537,neo4j3748
neo4j2538,neo4j3748
neo4j2541,neo4j2537
neo4j2541,neo4j2555
neo4j2541,neo4j44
neo4j2541,neo4j2539
neo4j2542,neo4j2537
neo4j2542,neo4j2555
neo4j2542,neo4j45
neo4j2542,neo4j2540
neo4j2543,neo4j2537
neo4j2543,neo4j2538
neo4j2543,neo4j2555
neo4j2543,neo4j44
neo4j2543,neo4j2539
neo4j2543,neo4j42
neo4j2544,neo4j2556
neo4j2544,neo4j44
neo4j2544,neo4j34
neo4j2545,neo4j2556
neo4j2545,neo4j44
neo4j2545,neo4j34
neo4j2546,neo4j3749
neo4j2546,neo4j2537
neo4j2546,neo4j3748
neo4j2546,neo4j2555
neo4j2546,neo4j44
neo4j2546,neo4j2539
neo4j2547,neo4j3749
neo4j2547,neo4j2537
neo4j2547,neo4j2555
neo4j2547,neo4j46
neo4j2547,neo4j3748
neo4j2547,neo4j44
neo4j2547,neo4j2539
neo4j2550,neo4j3791
neo4j2566,neo4j2564
neo4j2567,neo4j2564
neo4j2568,neo4j2564
neo4j2570,neo4j2564
neo4j2571,neo4j2574
neo4j2571,neo4j2564
neo4j2572,neo4j2574
neo4j2572,neo4j2564
neo4j2573,neo4j2574
neo4j2573,neo4j2564
neo4j2576,neo4j93
neo4j2576,neo4j94
neo4j2576,neo4j95
neo4j2576,neo4j96
neo4j2578,neo4j96
neo4j2579,neo4j96
neo4j2581,neo4j95
neo4j2583,neo4j1384
neo4j2584,neo4j1384
neo4j2585,neo4j1384
neo4j2586,neo4j1384
neo4j2587,neo4j1384
neo4j2588,neo4j1384
neo4j2589,neo4j1384
neo4j2589,neo4j3983
neo4j2589,neo4j1393
neo4j2590,neo4j1384
neo4j2590,neo4j1394
neo4j2590,neo4j1393
neo4j2591,neo4j1384
neo4j2591,neo4j1395
neo4j2591,neo4j1393
neo4j2592,neo4j1384
neo4j2592,neo4j1394
neo4j2592,neo4j1395
neo4j2592,neo4j3983
neo4j2592,neo4j1393
neo4j2594,neo4j1320
neo4j2594,neo4j3846
neo4j2594,neo4j1321
neo4j2596,neo4j1327
neo4j2596,neo4j3846
neo4j2596,neo4j1328
neo4j2598,neo4j1323
neo4j2598,neo4j3846
neo4j2598,neo4j1324
neo4j2600,neo4j3844
neo4j2600,neo4j3994
neo4j2600,neo4j2601
neo4j2600,neo4j4052
neo4j2601,neo4j146
neo4j2601,neo4j3739
neo4j2601,neo4j3995
neo4j2602,neo4j3844
neo4j2602,neo4j149
neo4j2602,neo4j455
neo4j2606,neo4j6
neo4j2609,neo4j198
neo4j2610,neo4j198
neo4j2612,neo4j199
neo4j2613,neo4j199
neo4j2616,neo4j2607
neo4j2616,neo4j163
neo4j2617,neo4j2607
neo4j2617,neo4j163
neo4j2618,neo4j163
neo4j2619,neo4j163
neo4j2619,neo4j3983
neo4j2620,neo4j163
neo4j2620,neo4j198
neo4j2621,neo4j163
neo4j2621,neo4j3983
neo4j2621,neo4j198
neo4j2622,neo4j198
neo4j2623,neo4j198
neo4j2623,neo4j163
neo4j2624,neo4j163
neo4j2624,neo4j198
neo4j2625,neo4j163
neo4j2627,neo4j168
neo4j2628,neo4j168
neo4j2628,neo4j1416
neo4j2629,neo4j168
neo4j2629,neo4j199
neo4j2630,neo4j168
neo4j2630,neo4j1416
neo4j2630,neo4j199
neo4j2631,neo4j199
neo4j2632,neo4j199
neo4j2632,neo4j168
neo4j2633,neo4j168
neo4j2633,neo4j199
neo4j2634,neo4j168
neo4j2635,neo4j163
neo4j2635,neo4j137
neo4j2636,neo4j163
neo4j2636,neo4j137
neo4j2637,neo4j198
neo4j2637,neo4j137
neo4j2638,neo4j198
neo4j2638,neo4j137
neo4j2640,neo4j168
neo4j2640,neo4j181
neo4j2641,neo4j168
neo4j2641,neo4j181
neo4j2642,neo4j199
neo4j2642,neo4j181
neo4j2643,neo4j199
neo4j2643,neo4j181
neo4j2643,neo4j137
neo4j2644,neo4j199
neo4j2644,neo4j137
neo4j2644,neo4j181
neo4j2648,neo4j3791
neo4j2650,neo4j485
neo4j2667,neo4j2664
neo4j2668,neo4j198
neo4j2668,neo4j3904
neo4j2671,neo4j2670
neo4j2672,neo4j6
neo4j2672,neo4j2670
neo4j2673,neo4j6
neo4j2673,neo4j2607
neo4j2673,neo4j9
neo4j2673,neo4j2670
neo4j2674,neo4j6
neo4j2674,neo4j2607
neo4j2676,neo4j213
neo4j2676,neo4j2670
neo4j2677,neo4j6
neo4j2677,neo4j213
neo4j2677,neo4j2670
neo4j2678,neo4j6
neo4j2678,neo4j2607
neo4j2678,neo4j213
neo4j2678,neo4j9
neo4j2678,neo4j2670
neo4j2679,neo4j198
neo4j2680,neo4j198
neo4j2681,neo4j198
neo4j2682,neo4j199
neo4j2683,neo4j199
neo4j2684,neo4j199
neo4j2685,neo4j218
neo4j2685,neo4j137
neo4j2686,neo4j218
neo4j2686,neo4j219
neo4j2686,neo4j137
neo4j2687,neo4j137
neo4j2688,neo4j137
neo4j2690,neo4j221
neo4j2691,neo4j222
neo4j2692,neo4j221
neo4j2692,neo4j222
neo4j2693,neo4j221
neo4j2693,neo4j137
neo4j2695,neo4j220
neo4j2696,neo4j220
neo4j2696,neo4j198
neo4j2717,neo4j3759
neo4j2718,neo4j3759
neo4j2719,neo4j3759
neo4j2722,neo4j389
neo4j2723,neo4j390
neo4j2724,neo4j389
neo4j2725,neo4j390
neo4j2726,neo4j390
neo4j2726,neo4j389
neo4j2727,neo4j389
neo4j2727,neo4j390
neo4j2728,neo4j389
neo4j2728,neo4j3767
neo4j2729,neo4j390
neo4j2729,neo4j3746
neo4j2731,neo4j397
neo4j2732,neo4j398
neo4j2733,neo4j397
neo4j2734,neo4j398
neo4j2735,neo4j397
neo4j2736,neo4j397
neo4j2737,neo4j398
neo4j2738,neo4j398
neo4j2739,neo4j397
neo4j2740,neo4j398
neo4j2741,neo4j397
neo4j2742,neo4j3791
neo4j2742,neo4j398
neo4j2743,neo4j397
neo4j2744,neo4j3791
neo4j2744,neo4j398
neo4j2745,neo4j397
neo4j2746,neo4j398
neo4j2749,neo4j4080
neo4j2749,neo4j486
neo4j2751,neo4j486
neo4j2753,neo4j254
neo4j2754,neo4j2751
neo4j2754,neo4j254
neo4j2763,neo4j293
neo4j2764,neo4j292
neo4j2764,neo4j293
neo4j2765,neo4j292
neo4j2765,neo4j293
neo4j2767,neo4j292
neo4j2768,neo4j292
neo4j2769,neo4j292
neo4j2770,neo4j292
neo4j2771,neo4j292
neo4j2772,neo4j296
neo4j2772,neo4j294
neo4j2772,neo4j292
neo4j2774,neo4j295
neo4j2775,neo4j295
neo4j2776,neo4j296
neo4j2776,neo4j295
neo4j2777,neo4j295
neo4j2779,neo4j294
neo4j2780,neo4j294
neo4j2781,neo4j294
neo4j2782,neo4j294
neo4j2783,neo4j294
neo4j2784,neo4j294
neo4j2785,neo4j294
neo4j2786,neo4j296
neo4j2786,neo4j294
neo4j2787,neo4j294
neo4j2789,neo4j292
neo4j2789,neo4j293
neo4j2789,neo4j296
neo4j2802,neo4j243
neo4j2809,neo4j3484
neo4j2809,neo4j3485
neo4j2809,neo4j321
neo4j2810,neo4j3484
neo4j2810,neo4j3485
neo4j2810,neo4j322
neo4j2812,neo4j323
neo4j2813,neo4j324
neo4j2814,neo4j330
neo4j2814,neo4j323
neo4j2815,neo4j330
neo4j2815,neo4j324
neo4j2819,neo4j330
neo4j2820,neo4j330
neo4j2821,neo4j330
neo4j2822,neo4j330
neo4j2824,neo4j330
neo4j2824,neo4j333
neo4j2825,neo4j330
neo4j2825,neo4j331
neo4j2826,neo4j330
neo4j2826,neo4j332
neo4j2834,neo4j345
neo4j2835,neo4j345
neo4j2836,neo4j345
neo4j2837,neo4j358
neo4j2839,neo4j347
neo4j2840,neo4j355
neo4j2840,neo4j347
neo4j2841,neo4j2828
neo4j2841,neo4j355
neo4j2842,neo4j355
neo4j2843,neo4j2828
neo4j2843,neo4j355
neo4j2844,neo4j355
neo4j2846,neo4j355
neo4j2846,neo4j356
neo4j2848,neo4j3818
neo4j2849,neo4j3818
neo4j2851,neo4j375
neo4j2852,neo4j376
neo4j2854,neo4j3844
neo4j2855,neo4j3844
neo4j2857,neo4j3844
neo4j2857,neo4j372
neo4j2860,neo4j3496
neo4j2860,neo4j4082
neo4j2860,neo4j3498
neo4j2860,neo4j3487
neo4j2861,neo4j3496
neo4j2861,neo4j4082
neo4j2861,neo4j3498
neo4j2861,neo4j3487
neo4j2862,neo4j3496
neo4j2862,neo4j4082
neo4j2862,neo4j4083
neo4j2862,neo4j3498
neo4j2862,neo4j3487
neo4j2863,neo4j3496
neo4j2863,neo4j4082
neo4j2863,neo4j4083
neo4j2863,neo4j3498
neo4j2863,neo4j3487
neo4j2864,neo4j3496
neo4j2864,neo4j4082
neo4j2864,neo4j3498
neo4j2864,neo4j3487
neo4j2866,neo4j3496
neo4j2866,neo4j4082
neo4j2866,neo4j3498
neo4j2866,neo4j3487
neo4j2867,neo4j3496
neo4j2867,neo4j4082
neo4j2867,neo4j3498
neo4j2867,neo4j3487
neo4j2868,neo4j3496
neo4j2868,neo4j4082
neo4j2868,neo4j3498
neo4j2868,neo4j3487
neo4j2871,neo4j2887
neo4j2873,neo4j2887
neo4j2874,neo4j2887
neo4j2874,neo4j571
neo4j2874,neo4j3856
neo4j2875,neo4j2887
neo4j2875,neo4j571
neo4j2875,neo4j572
neo4j2875,neo4j3856
neo4j2876,neo4j2887
neo4j2876,neo4j571
neo4j2876,neo4j573
neo4j2876,neo4j3856
neo4j2877,neo4j2887
neo4j2877,neo4j571
neo4j2878,neo4j2887
neo4j2878,neo4j571
neo4j2878,neo4j572
neo4j2878,neo4j3856
neo4j2879,neo4j2887
neo4j2881,neo4j2891
neo4j2881,neo4j2887
neo4j2882,neo4j2891
neo4j2882,neo4j2887
neo4j2883,neo4j2890
neo4j2883,neo4j2887
neo4j2884,neo4j2890
neo4j2884,neo4j2887
neo4j2885,neo4j2890
neo4j2885,neo4j3856
neo4j2885,neo4j2887
neo4j2886,neo4j2890
neo4j2886,neo4j3856
neo4j2886,neo4j2887
neo4j2887,neo4j2888
neo4j2887,neo4j2889
neo4j2890,neo4j808
neo4j2890,neo4j806
neo4j2890,neo4j801
neo4j2890,neo4j2892
neo4j2890,neo4j3856
neo4j2891,neo4j808
neo4j2891,neo4j801
neo4j2891,neo4j2892
neo4j2891,neo4j3856
neo4j2892,neo4j594
neo4j2892,neo4j595
neo4j2892,neo4j596
neo4j2892,neo4j597
neo4j2892,neo4j3856
neo4j2897,neo4j578
neo4j2897,neo4j3856
neo4j2898,neo4j579
neo4j2898,neo4j3856
neo4j2899,neo4j578
neo4j2900,neo4j579
neo4j2901,neo4j578
neo4j2902,neo4j579
neo4j2903,neo4j2918
neo4j2903,neo4j578
neo4j2904,neo4j2918
neo4j2904,neo4j579
neo4j2905,neo4j2918
neo4j2905,neo4j578
neo4j2906,neo4j2918
neo4j2906,neo4j579
neo4j2907,neo4j2919
neo4j2907,neo4j578
neo4j2908,neo4j2919
neo4j2908,neo4j579
neo4j2909,neo4j2919
neo4j2909,neo4j578
neo4j2910,neo4j2919
neo4j2910,neo4j579
neo4j2911,neo4j2918
neo4j2911,neo4j578
neo4j2912,neo4j2919
neo4j2912,neo4j2918
neo4j2912,neo4j578
neo4j2913,neo4j3132
neo4j2913,neo4j579
neo4j2914,neo4j3134
neo4j2914,neo4j579
neo4j2915,neo4j3133
neo4j2915,neo4j579
neo4j2916,neo4j3135
neo4j2916,neo4j3791
neo4j2916,neo4j579
neo4j2917,neo4j2919
neo4j2917,neo4j2918
neo4j2917,neo4j579
neo4j2918,neo4j594
neo4j2918,neo4j596
neo4j2918,neo4j603
neo4j2918,neo4j597
neo4j2918,neo4j3856
neo4j2919,neo4j2918
neo4j2919,neo4j3855
neo4j2919,neo4j3856
neo4j2924,neo4j594
neo4j2924,neo4j595
neo4j2924,neo4j596
neo4j2924,neo4j597
neo4j2925,neo4j594
neo4j2925,neo4j595
neo4j2925,neo4j596
neo4j2925,neo4j598
neo4j2926,neo4j594
neo4j2926,neo4j596
neo4j2926,neo4j597
neo4j2926,neo4j2936
neo4j2926,neo4j3856
neo4j2927,neo4j594
neo4j2927,neo4j596
neo4j2927,neo4j598
neo4j2927,neo4j2936
neo4j2927,neo4j3856
neo4j2928,neo4j594
neo4j2928,neo4j596
neo4j2928,neo4j597
neo4j2929,neo4j594
neo4j2929,neo4j596
neo4j2929,neo4j598
neo4j2930,neo4j594
neo4j2930,neo4j595
neo4j2930,neo4j596
neo4j2930,neo4j597
neo4j2931,neo4j594
neo4j2931,neo4j595
neo4j2931,neo4j596
neo4j2931,neo4j598
neo4j2932,neo4j594
neo4j2932,neo4j595
neo4j2932,neo4j596
neo4j2932,neo4j597
neo4j2933,neo4j594
neo4j2933,neo4j595
neo4j2933,neo4j596
neo4j2933,neo4j598
neo4j2934,neo4j594
neo4j2934,neo4j595
neo4j2934,neo4j596
neo4j2934,neo4j597
neo4j2935,neo4j594
neo4j2935,neo4j595
neo4j2935,neo4j596
neo4j2935,neo4j598
neo4j2936,neo4j578
neo4j2936,neo4j3856
neo4j2940,neo4j2939
neo4j2940,neo4j3116
neo4j2940,neo4j662
neo4j2940,neo4j2938
neo4j2940,neo4j3115
neo4j2940,neo4j644
neo4j2940,neo4j3118
neo4j2941,neo4j2939
neo4j2941,neo4j662
neo4j2941,neo4j3116
neo4j2941,neo4j2938
neo4j2941,neo4j3115
neo4j2941,neo4j3118
neo4j2941,neo4j653
neo4j2941,neo4j654
neo4j2941,neo4j644
neo4j2943,neo4j3748
neo4j2943,neo4j644
neo4j2944,neo4j665
neo4j2944,neo4j662
neo4j2946,neo4j641
neo4j2947,neo4j642
neo4j2949,neo4j641
neo4j2950,neo4j642
neo4j2955,neo4j2950
neo4j2955,neo4j3116
neo4j2955,neo4j662
neo4j2955,neo4j3866
neo4j2956,neo4j3116
neo4j2956,neo4j662
neo4j2956,neo4j3866
neo4j2956,neo4j2949
neo4j2956,neo4j3115
neo4j2956,neo4j3118
neo4j2956,neo4j644
neo4j2958,neo4j641
neo4j2959,neo4j642
neo4j2963,neo4j2961
neo4j2963,neo4j663
neo4j2963,neo4j3116
neo4j2963,neo4j3115
neo4j2963,neo4j2962
neo4j2963,neo4j657
neo4j2963,neo4j3118
neo4j2963,neo4j644
neo4j2964,neo4j2961
neo4j2964,neo4j662
neo4j2964,neo4j3116
neo4j2964,neo4j3115
neo4j2964,neo4j2962
neo4j2964,neo4j657
neo4j2964,neo4j3118
neo4j2964,neo4j649
neo4j2965,neo4j2961
neo4j2965,neo4j662
neo4j2965,neo4j3116
neo4j2965,neo4j3115
neo4j2965,neo4j2962
neo4j2965,neo4j657
neo4j2965,neo4j3118
neo4j2965,neo4j649
neo4j2966,neo4j2961
neo4j2966,neo4j3114
neo4j2966,neo4j662
neo4j2966,neo4j3116
neo4j2966,neo4j3115
neo4j2966,neo4j2962
neo4j2966,neo4j657
neo4j2966,neo4j3118
neo4j2966,neo4j647
neo4j2967,neo4j2961
neo4j2967,neo4j3114
neo4j2967,neo4j662
neo4j2967,neo4j3116
neo4j2967,neo4j3115
neo4j2967,neo4j2962
neo4j2967,neo4j657
neo4j2967,neo4j3118
neo4j2967,neo4j647
neo4j2968,neo4j2961
neo4j2968,neo4j4093
neo4j2968,neo4j3114
neo4j2968,neo4j662
neo4j2968,neo4j3116
neo4j2968,neo4j2962
neo4j2968,neo4j3115
neo4j2968,neo4j657
neo4j2968,neo4j3118
neo4j2968,neo4j647
neo4j2969,neo4j2961
neo4j2969,neo4j4093
neo4j2969,neo4j3114
neo4j2969,neo4j662
neo4j2969,neo4j3116
neo4j2969,neo4j2962
neo4j2969,neo4j3115
neo4j2969,neo4j657
neo4j2969,neo4j3118
neo4j2969,neo4j648
neo4j2970,neo4j2961
neo4j2970,neo4j4093
neo4j2970,neo4j3114
neo4j2970,neo4j662
neo4j2970,neo4j3116
neo4j2970,neo4j2962
neo4j2970,neo4j3115
neo4j2970,neo4j648
neo4j2970,neo4j3118
neo4j2971,neo4j2961
neo4j2971,neo4j4093
neo4j2971,neo4j3114
neo4j2971,neo4j662
neo4j2971,neo4j3116
neo4j2971,neo4j2962
neo4j2971,neo4j3115
neo4j2971,neo4j657
neo4j2971,neo4j3118
neo4j2971,neo4j646
neo4j2972,neo4j2961
neo4j2972,neo4j4093
neo4j2972,neo4j3114
neo4j2972,neo4j662
neo4j2972,neo4j3116
neo4j2972,neo4j2962
neo4j2972,neo4j3115
neo4j2972,neo4j657
neo4j2972,neo4j3118
neo4j2972,neo4j646
neo4j2973,neo4j2961
neo4j2973,neo4j4093
neo4j2973,neo4j3114
neo4j2973,neo4j662
neo4j2973,neo4j3116
neo4j2973,neo4j2962
neo4j2973,neo4j3115
neo4j2973,neo4j657
neo4j2973,neo4j3118
neo4j2973,neo4j645
neo4j2974,neo4j3866
neo4j2974,neo4j2961
neo4j2974,neo4j3116
neo4j2974,neo4j662
neo4j2974,neo4j2962
neo4j2974,neo4j3115
neo4j2974,neo4j657
neo4j2974,neo4j3118
neo4j2974,neo4j656
neo4j2975,neo4j2961
neo4j2975,neo4j3001
neo4j2975,neo4j4093
neo4j2976,neo4j2961
neo4j2976,neo4j662
neo4j2976,neo4j3116
neo4j2976,neo4j2962
neo4j2976,neo4j3115
neo4j2976,neo4j657
neo4j2976,neo4j3118
neo4j2976,neo4j645
neo4j2977,neo4j2961
neo4j2977,neo4j662
neo4j2977,neo4j3116
neo4j2977,neo4j2962
neo4j2977,neo4j3115
neo4j2977,neo4j657
neo4j2977,neo4j3118
neo4j2977,neo4j645
neo4j2978,neo4j2961
neo4j2978,neo4j662
neo4j2978,neo4j3116
neo4j2978,neo4j2962
neo4j2978,neo4j3115
neo4j2978,neo4j657
neo4j2978,neo4j3118
neo4j2978,neo4j645
neo4j2979,neo4j2961
neo4j2979,neo4j3116
neo4j2979,neo4j664
neo4j2979,neo4j662
neo4j2979,neo4j2962
neo4j2979,neo4j3115
neo4j2979,neo4j3118
neo4j2979,neo4j657
neo4j2979,neo4j651
neo4j2979,neo4j647
neo4j2980,neo4j2961
neo4j2980,neo4j3116
neo4j2980,neo4j662
neo4j2980,neo4j2962
neo4j2980,neo4j3115
neo4j2980,neo4j3118
neo4j2980,neo4j657
neo4j2980,neo4j651
neo4j2980,neo4j645
neo4j2981,neo4j2961
neo4j2981,neo4j3116
neo4j2981,neo4j664
neo4j2981,neo4j662
neo4j2981,neo4j2962
neo4j2981,neo4j3115
neo4j2981,neo4j3118
neo4j2981,neo4j657
neo4j2981,neo4j651
neo4j2981,neo4j645
neo4j2982,neo4j2961
neo4j2982,neo4j3116
neo4j2982,neo4j2962
neo4j2982,neo4j3115
neo4j2982,neo4j3118
neo4j2982,neo4j657
neo4j2982,neo4j651
neo4j2982,neo4j647
neo4j2982,neo4j646
neo4j2982,neo4j645
neo4j2982,neo4j649
neo4j2983,neo4j2961
neo4j2983,neo4j3116
neo4j2983,neo4j664
neo4j2983,neo4j662
neo4j2983,neo4j2962
neo4j2983,neo4j3115
neo4j2983,neo4j3118
neo4j2983,neo4j657
neo4j2983,neo4j651
neo4j2983,neo4j647
neo4j2983,neo4j646
neo4j2983,neo4j645
neo4j2983,neo4j649
neo4j2984,neo4j2961
neo4j2984,neo4j3116
neo4j2984,neo4j664
neo4j2984,neo4j662
neo4j2984,neo4j2962
neo4j2984,neo4j3115
neo4j2984,neo4j3118
neo4j2984,neo4j657
neo4j2984,neo4j651
neo4j2984,neo4j645
neo4j2985,neo4j3002
neo4j2986,neo4j3003
neo4j2987,neo4j2961
neo4j2987,neo4j3116
neo4j2987,neo4j665
neo4j2987,neo4j662
neo4j2987,neo4j2962
neo4j2987,neo4j3115
neo4j2987,neo4j3118
neo4j2987,neo4j657
neo4j2987,neo4j653
neo4j2987,neo4j654
neo4j2987,neo4j647
neo4j2987,neo4j651
neo4j2987,neo4j645
neo4j2987,neo4j652
neo4j2988,neo4j3004
neo4j2989,neo4j2961
neo4j2989,neo4j3116
neo4j2989,neo4j2962
neo4j2989,neo4j3115
neo4j2989,neo4j3118
neo4j2989,neo4j657
neo4j2989,neo4j651
neo4j2989,neo4j647
neo4j2990,neo4j2961
neo4j2990,neo4j3116
neo4j2990,neo4j665
neo4j2990,neo4j662
neo4j2990,neo4j2962
neo4j2990,neo4j3115
neo4j2990,neo4j3118
neo4j2990,neo4j657
neo4j2990,neo4j653
neo4j2990,neo4j654
neo4j2990,neo4j647
neo4j2990,neo4j651
neo4j2991,neo4j2961
neo4j2991,neo4j3116
neo4j2991,neo4j666
neo4j2991,neo4j662
neo4j2991,neo4j2962
neo4j2991,neo4j3115
neo4j2991,neo4j3118
neo4j2991,neo4j657
neo4j2991,neo4j652
neo4j2991,neo4j645
neo4j2991,neo4j651
neo4j2991,neo4j646
neo4j2991,neo4j649
neo4j2992,neo4j3005
neo4j2993,neo4j2961
neo4j2993,neo4j3116
neo4j2993,neo4j662
neo4j2993,neo4j2962
neo4j2993,neo4j3115
neo4j2993,neo4j3118
neo4j2993,neo4j644
neo4j2994,neo4j2961
neo4j2994,neo4j3116
neo4j2994,neo4j662
neo4j2994,neo4j2962
neo4j2994,neo4j3115
neo4j2994,neo4j3118
neo4j2994,neo4j644
neo4j2995,neo4j2961
neo4j2995,neo4j3116
neo4j2995,neo4j662
neo4j2996,neo4j3006
neo4j2997,neo4j2961
neo4j2997,neo4j3116
neo4j2997,neo4j662
neo4j2997,neo4j2962
neo4j2997,neo4j3115
neo4j2997,neo4j3118
neo4j2997,neo4j654
neo4j2997,neo4j647
neo4j2998,neo4j2961
neo4j2998,neo4j3116
neo4j2998,neo4j662
neo4j2998,neo4j2962
neo4j2998,neo4j3115
neo4j2998,neo4j3118
neo4j2998,neo4j654
neo4j2998,neo4j647
neo4j2999,neo4j2961
neo4j2999,neo4j3116
neo4j2999,neo4j662
neo4j2999,neo4j2962
neo4j2999,neo4j3115
neo4j2999,neo4j3118
neo4j2999,neo4j654
neo4j2999,neo4j647
neo4j3000,neo4j3006
neo4j3001,neo4j3114
neo4j3001,neo4j662
neo4j3001,neo4j3116
neo4j3001,neo4j2962
neo4j3001,neo4j3115
neo4j3001,neo4j657
neo4j3001,neo4j3118
neo4j3001,neo4j656
neo4j3002,neo4j2961
neo4j3002,neo4j3116
neo4j3002,neo4j2962
neo4j3002,neo4j3115
neo4j3002,neo4j3118
neo4j3002,neo4j657
neo4j3002,neo4j651
neo4j3002,neo4j645
neo4j3003,neo4j2961
neo4j3003,neo4j3116
neo4j3003,neo4j4003
neo4j3003,neo4j662
neo4j3003,neo4j2962
neo4j3003,neo4j3115
neo4j3003,neo4j3118
neo4j3003,neo4j657
neo4j3003,neo4j652
neo4j3003,neo4j645
neo4j3003,neo4j647
neo4j3004,neo4j2961
neo4j3004,neo4j3116
neo4j3004,neo4j665
neo4j3004,neo4j662
neo4j3004,neo4j2962
neo4j3004,neo4j3115
neo4j3004,neo4j3118
neo4j3004,neo4j657
neo4j3004,neo4j653
neo4j3004,neo4j654
neo4j3004,neo4j647
neo4j3005,neo4j2961
neo4j3005,neo4j3116
neo4j3005,neo4j662
neo4j3005,neo4j2962
neo4j3005,neo4j3115
neo4j3005,neo4j3118
neo4j3005,neo4j657
neo4j3006,neo4j2961
neo4j3006,neo4j3116
neo4j3006,neo4j662
neo4j3006,neo4j2962
neo4j3006,neo4j3115
neo4j3006,neo4j3118
neo4j3006,neo4j657
neo4j3006,neo4j644
neo4j3010,neo4j3070
neo4j3010,neo4j3116
neo4j3010,neo4j662
neo4j3010,neo4j3071
neo4j3010,neo4j3115
neo4j3010,neo4j3118
neo4j3010,neo4j657
neo4j3010,neo4j653
neo4j3010,neo4j654
neo4j3013,neo4j3070
neo4j3013,neo4j3116
neo4j3013,neo4j662
neo4j3013,neo4j3071
neo4j3013,neo4j3115
neo4j3013,neo4j3118
neo4j3013,neo4j657
neo4j3013,neo4j653
neo4j3013,neo4j654
neo4j3016,neo4j3070
neo4j3016,neo4j3116
neo4j3016,neo4j665
neo4j3016,neo4j666
neo4j3016,neo4j662
neo4j3016,neo4j3071
neo4j3016,neo4j3115
neo4j3016,neo4j644
neo4j3016,neo4j3118
neo4j3019,neo4j3070
neo4j3019,neo4j3116
neo4j3019,neo4j665
neo4j3019,neo4j3071
neo4j3019,neo4j3115
neo4j3019,neo4j644
neo4j3019,neo4j3118
neo4j3022,neo4j3070
neo4j3022,neo4j3116
neo4j3022,neo4j662
neo4j3022,neo4j3071
neo4j3022,neo4j3115
neo4j3022,neo4j3118
neo4j3022,neo4j657
neo4j3022,neo4j653
neo4j3022,neo4j654
neo4j3022,neo4j645
neo4j3022,neo4j655
neo4j3023,neo4j3070
neo4j3023,neo4j3116
neo4j3023,neo4j662
neo4j3023,neo4j3071
neo4j3023,neo4j3115
neo4j3023,neo4j3118
neo4j3023,neo4j657
neo4j3023,neo4j653
neo4j3023,neo4j654
neo4j3023,neo4j645
neo4j3023,neo4j655
neo4j3026,neo4j3070
neo4j3026,neo4j3116
neo4j3026,neo4j3029
neo4j3026,neo4j3071
neo4j3026,neo4j3115
neo4j3026,neo4j644
neo4j3026,neo4j3118
neo4j3026,neo4j3030
neo4j3027,neo4j3070
neo4j3027,neo4j3116
neo4j3027,neo4j664
neo4j3027,neo4j3029
neo4j3027,neo4j3071
neo4j3027,neo4j3115
neo4j3027,neo4j644
neo4j3027,neo4j3118
neo4j3028,neo4j3070
neo4j3028,neo4j3116
neo4j3028,neo4j666
neo4j3028,neo4j662
neo4j3028,neo4j3029
neo4j3028,neo4j3071
neo4j3028,neo4j3115
neo4j3028,neo4j644
neo4j3028,neo4j3118
neo4j3029,neo4j665
neo4j3029,neo4j662
neo4j3033,neo4j3070
neo4j3033,neo4j3116
neo4j3033,neo4j3037
neo4j3033,neo4j3071
neo4j3033,neo4j3115
neo4j3033,neo4j644
neo4j3033,neo4j3118
neo4j3033,neo4j3040
neo4j3034,neo4j3070
neo4j3034,neo4j3116
neo4j3034,neo4j3037
neo4j3034,neo4j3071
neo4j3034,neo4j3115
neo4j3034,neo4j644
neo4j3034,neo4j3118
neo4j3034,neo4j3041
neo4j3035,neo4j3070
neo4j3035,neo4j3116
neo4j3035,neo4j664
neo4j3035,neo4j3037
neo4j3035,neo4j3071
neo4j3035,neo4j3115
neo4j3035,neo4j644
neo4j3035,neo4j3118
neo4j3036,neo4j3070
neo4j3036,neo4j3116
neo4j3036,neo4j666
neo4j3036,neo4j662
neo4j3036,neo4j3037
neo4j3036,neo4j3071
neo4j3036,neo4j3115
neo4j3036,neo4j644
neo4j3036,neo4j3118
neo4j3037,neo4j665
neo4j3037,neo4j664
neo4j3037,neo4j3038
neo4j3037,neo4j3039
neo4j3037,neo4j662
neo4j3038,neo4j665
neo4j3038,neo4j662
neo4j3039,neo4j665
neo4j3039,neo4j662
neo4j3045,neo4j3070
neo4j3045,neo4j3116
neo4j3045,neo4j662
neo4j3045,neo4j3071
neo4j3045,neo4j3115
neo4j3045,neo4j3118
neo4j3045,neo4j657
neo4j3045,neo4j653
neo4j3045,neo4j654
neo4j3045,neo4j644
neo4j3046,neo4j3070
neo4j3046,neo4j3116
neo4j3046,neo4j662
neo4j3046,neo4j3071
neo4j3046,neo4j3115
neo4j3046,neo4j3118
neo4j3046,neo4j657
neo4j3046,neo4j653
neo4j3046,neo4j654
neo4j3046,neo4j644
neo4j3047,neo4j3070
neo4j3047,neo4j3116
neo4j3047,neo4j665
neo4j3047,neo4j662
neo4j3047,neo4j3071
neo4j3047,neo4j3115
neo4j3047,neo4j3118
neo4j3047,neo4j644
neo4j3048,neo4j3070
neo4j3048,neo4j3116
neo4j3048,neo4j665
neo4j3048,neo4j662
neo4j3048,neo4j3071
neo4j3048,neo4j3115
neo4j3048,neo4j3118
neo4j3048,neo4j644
neo4j3051,neo4j3070
neo4j3051,neo4j3116
neo4j3051,neo4j662
neo4j3051,neo4j3071
neo4j3051,neo4j3115
neo4j3051,neo4j3118
neo4j3051,neo4j657
neo4j3051,neo4j653
neo4j3051,neo4j654
neo4j3054,neo4j3070
neo4j3054,neo4j3116
neo4j3054,neo4j665
neo4j3054,neo4j664
neo4j3054,neo4j663
neo4j3054,neo4j662
neo4j3054,neo4j3071
neo4j3054,neo4j3115
neo4j3054,neo4j644
neo4j3054,neo4j3118
neo4j3057,neo4j3070
neo4j3057,neo4j3116
neo4j3057,neo4j3060
neo4j3057,neo4j3071
neo4j3057,neo4j3115
neo4j3057,neo4j644
neo4j3057,neo4j3118
neo4j3057,neo4j3061
neo4j3058,neo4j3070
neo4j3058,neo4j3116
neo4j3058,neo4j664
neo4j3058,neo4j3060
neo4j3058,neo4j3071
neo4j3058,neo4j3115
neo4j3058,neo4j644
neo4j3058,neo4j3118
neo4j3059,neo4j3070
neo4j3059,neo4j3116
neo4j3059,neo4j666
neo4j3059,neo4j662
neo4j3059,neo4j3060
neo4j3059,neo4j3071
neo4j3059,neo4j3115
neo4j3059,neo4j644
neo4j3059,neo4j3118
neo4j3060,neo4j665
neo4j3060,neo4j662
neo4j3064,neo4j3070
neo4j3064,neo4j3116
neo4j3064,neo4j662
neo4j3064,neo4j3071
neo4j3064,neo4j3115
neo4j3064,neo4j3118
neo4j3064,neo4j657
neo4j3064,neo4j653
neo4j3064,neo4j654
neo4j3067,neo4j3070
neo4j3067,neo4j3116
neo4j3067,neo4j662
neo4j3067,neo4j3071
neo4j3067,neo4j3115
neo4j3067,neo4j3118
neo4j3067,neo4j657
neo4j3067,neo4j653
neo4j3067,neo4j654
neo4j3067,neo4j645
neo4j3067,neo4j655
neo4j3068,neo4j3070
neo4j3068,neo4j3116
neo4j3068,neo4j662
neo4j3068,neo4j3071
neo4j3068,neo4j3115
neo4j3068,neo4j3118
neo4j3068,neo4j657
neo4j3068,neo4j653
neo4j3068,neo4j654
neo4j3068,neo4j645
neo4j3068,neo4j655
neo4j3074,neo4j3070
neo4j3074,neo4j3116
neo4j3074,neo4j665
neo4j3074,neo4j666
neo4j3074,neo4j662
neo4j3074,neo4j3071
neo4j3074,neo4j3115
neo4j3074,neo4j644
neo4j3074,neo4j3118
neo4j3077,neo4j3070
neo4j3077,neo4j3116
neo4j3077,neo4j3080
neo4j3077,neo4j3071
neo4j3077,neo4j3115
neo4j3077,neo4j644
neo4j3077,neo4j3118
neo4j3077,neo4j3081
neo4j3078,neo4j3070
neo4j3078,neo4j3116
neo4j3078,neo4j664
neo4j3078,neo4j3080
neo4j3078,neo4j3071
neo4j3078,neo4j3115
neo4j3078,neo4j644
neo4j3078,neo4j3118
neo4j3079,neo4j3070
neo4j3079,neo4j3116
neo4j3079,neo4j666
neo4j3079,neo4j662
neo4j3079,neo4j3080
neo4j3079,neo4j3071
neo4j3079,neo4j3115
neo4j3079,neo4j644
neo4j3079,neo4j3118
neo4j3080,neo4j665
neo4j3080,neo4j662
neo4j3083,neo4j3070
neo4j3083,neo4j3116
neo4j3083,neo4j662
neo4j3083,neo4j3071
neo4j3083,neo4j3115
neo4j3083,neo4j3118
neo4j3083,neo4j657
neo4j3083,neo4j653
neo4j3083,neo4j654
neo4j3083,neo4j644
neo4j3083,neo4j648
neo4j3084,neo4j3070
neo4j3084,neo4j3116
neo4j3084,neo4j665
neo4j3084,neo4j662
neo4j3084,neo4j3071
neo4j3084,neo4j3115
neo4j3084,neo4j3118
neo4j3084,neo4j644
neo4j3086,neo4j3070
neo4j3086,neo4j3116
neo4j3086,neo4j662
neo4j3086,neo4j3071
neo4j3086,neo4j3115
neo4j3086,neo4j3118
neo4j3086,neo4j657
neo4j3086,neo4j653
neo4j3086,neo4j654
neo4j3086,neo4j644
neo4j3087,neo4j3070
neo4j3087,neo4j3116
neo4j3087,neo4j665
neo4j3087,neo4j662
neo4j3087,neo4j3071
neo4j3087,neo4j3115
neo4j3087,neo4j3118
neo4j3087,neo4j644
neo4j3089,neo4j3070
neo4j3089,neo4j3116
neo4j3089,neo4j662
neo4j3089,neo4j3071
neo4j3089,neo4j3115
neo4j3089,neo4j3118
neo4j3089,neo4j657
neo4j3089,neo4j653
neo4j3089,neo4j654
neo4j3089,neo4j644
neo4j3090,neo4j3070
neo4j3090,neo4j3116
neo4j3090,neo4j665
neo4j3090,neo4j662
neo4j3090,neo4j3071
neo4j3090,neo4j3115
neo4j3090,neo4j3118
neo4j3090,neo4j644
neo4j3092,neo4j3070
neo4j3092,neo4j3116
neo4j3092,neo4j662
neo4j3092,neo4j3071
neo4j3092,neo4j3115
neo4j3092,neo4j3118
neo4j3092,neo4j657
neo4j3092,neo4j653
neo4j3092,neo4j654
neo4j3092,neo4j644
neo4j3093,neo4j3070
neo4j3093,neo4j3116
neo4j3093,neo4j665
neo4j3093,neo4j662
neo4j3093,neo4j3071
neo4j3093,neo4j3115
neo4j3093,neo4j3118
neo4j3093,neo4j644
neo4j3095,neo4j3929
neo4j3095,neo4j3070
neo4j3095,neo4j3116
neo4j3095,neo4j662
neo4j3095,neo4j3071
neo4j3095,neo4j3115
neo4j3095,neo4j3118
neo4j3095,neo4j657
neo4j3095,neo4j653
neo4j3095,neo4j654
neo4j3095,neo4j644
neo4j3096,neo4j3070
neo4j3096,neo4j3116
neo4j3096,neo4j665
neo4j3096,neo4j662
neo4j3096,neo4j3929
neo4j3096,neo4j3071
neo4j3096,neo4j3115
neo4j3096,neo4j3118
neo4j3096,neo4j644
neo4j3098,neo4j3070
neo4j3098,neo4j3116
neo4j3098,neo4j662
neo4j3098,neo4j3071
neo4j3098,neo4j3115
neo4j3098,neo4j3118
neo4j3098,neo4j657
neo4j3098,neo4j653
neo4j3098,neo4j654
neo4j3098,neo4j644
neo4j3099,neo4j3070
neo4j3099,neo4j3116
neo4j3099,neo4j662
neo4j3099,neo4j3071
neo4j3099,neo4j3115
neo4j3099,neo4j3118
neo4j3099,neo4j657
neo4j3099,neo4j653
neo4j3099,neo4j654
neo4j3099,neo4j644
neo4j3100,neo4j3070
neo4j3100,neo4j3116
neo4j3100,neo4j662
neo4j3100,neo4j3071
neo4j3100,neo4j3115
neo4j3100,neo4j3118
neo4j3100,neo4j657
neo4j3100,neo4j653
neo4j3100,neo4j654
neo4j3100,neo4j644
neo4j3102,neo4j3844
neo4j3102,neo4j3070
neo4j3102,neo4j3116
neo4j3102,neo4j662
neo4j3102,neo4j3071
neo4j3102,neo4j3115
neo4j3102,neo4j3118
neo4j3102,neo4j657
neo4j3102,neo4j653
neo4j3102,neo4j654
neo4j3102,neo4j644
neo4j3104,neo4j3070
neo4j3104,neo4j3116
neo4j3104,neo4j662
neo4j3104,neo4j3071
neo4j3104,neo4j3115
neo4j3104,neo4j3118
neo4j3104,neo4j657
neo4j3104,neo4j653
neo4j3104,neo4j654
neo4j3104,neo4j644
neo4j3105,neo4j3070
neo4j3105,neo4j3116
neo4j3105,neo4j662
neo4j3106,neo4j3070
neo4j3106,neo4j3116
neo4j3106,neo4j662
neo4j3108,neo4j1522
neo4j3108,neo4j3929
neo4j3108,neo4j3070
neo4j3108,neo4j3116
neo4j3108,neo4j662
neo4j3108,neo4j3071
neo4j3108,neo4j3115
neo4j3108,neo4j3118
neo4j3108,neo4j657
neo4j3108,neo4j653
neo4j3108,neo4j654
neo4j3108,neo4j644
neo4j3109,neo4j3070
neo4j3109,neo4j3116
neo4j3109,neo4j665
neo4j3109,neo4j662
neo4j3109,neo4j3071
neo4j3109,neo4j3115
neo4j3109,neo4j3118
neo4j3109,neo4j644
neo4j3109,neo4j3929
neo4j3110,neo4j1522
neo4j3110,neo4j3070
neo4j3110,neo4j3116
neo4j3110,neo4j662
neo4j3110,neo4j3071
neo4j3110,neo4j3115
neo4j3110,neo4j3118
neo4j3110,neo4j657
neo4j3110,neo4j653
neo4j3110,neo4j654
neo4j3110,neo4j644
neo4j3111,neo4j3070
neo4j3111,neo4j3116
neo4j3111,neo4j665
neo4j3111,neo4j662
neo4j3111,neo4j3071
neo4j3111,neo4j3115
neo4j3111,neo4j3118
neo4j3111,neo4j644
neo4j3114,neo4j3849
neo4j3115,neo4j3856
neo4j3127,neo4j3861
neo4j3128,neo4j3859
neo4j3129,neo4j3849
neo4j3130,neo4j3860
neo4j3131,neo4j3855
neo4j3132,neo4j3790
neo4j3133,neo4j3787
neo4j3140,neo4j3755
neo4j3143,neo4j2084
neo4j3144,neo4j2085
neo4j3144,neo4j2084
neo4j3145,neo4j2085
neo4j3145,neo4j2084
neo4j3146,neo4j2085
neo4j3146,neo4j2084
neo4j3147,neo4j2085
neo4j3147,neo4j2086
neo4j3147,neo4j2084
neo4j3149,neo4j2092
neo4j3150,neo4j2093
neo4j3152,neo4j3485
neo4j3152,neo4j3484
neo4j3153,neo4j3485
neo4j3153,neo4j3484
neo4j3154,neo4j959
neo4j3157,neo4j1022
neo4j3158,neo4j1020
neo4j3160,neo4j3748
neo4j3161,neo4j3160
neo4j3161,neo4j3748
neo4j3161,neo4j3885
neo4j3163,neo4j3161
neo4j3163,neo4j3158
neo4j3164,neo4j3160
neo4j3164,neo4j3161
neo4j3164,neo4j4080
neo4j3164,neo4j3158
neo4j3166,neo4j3161
neo4j3166,neo4j3157
neo4j3166,neo4j3241
neo4j3166,neo4j1061
neo4j3166,neo4j1063
neo4j3167,neo4j3161
neo4j3167,neo4j3158
neo4j3167,neo4j3157
neo4j3168,neo4j3161
neo4j3168,neo4j3158
neo4j3168,neo4j3157
neo4j3168,neo4j3951
neo4j3168,neo4j3725
neo4j3168,neo4j3241
neo4j3168,neo4j1061
neo4j3169,neo4j3161
neo4j3169,neo4j3157
neo4j3169,neo4j3725
neo4j3169,neo4j3158
neo4j3169,neo4j3951
neo4j3171,neo4j3161
neo4j3171,neo4j4096
neo4j3171,neo4j3725
neo4j3171,neo4j3158
neo4j3172,neo4j3161
neo4j3172,neo4j3158
neo4j3173,neo4j3161
neo4j3173,neo4j3158
neo4j3178,neo4j1038
neo4j3181,neo4j3178
neo4j3181,neo4j1030
neo4j3181,neo4j1041
neo4j3181,neo4j1040
neo4j3181,neo4j1026
neo4j3181,neo4j3179
neo4j3181,neo4j4006
neo4j3181,neo4j3191
neo4j3181,neo4j1053
neo4j3181,neo4j1042
neo4j3181,neo4j485
neo4j3181,neo4j1049
neo4j3181,neo4j3192
neo4j3182,neo4j3178
neo4j3182,neo4j1030
neo4j3182,neo4j1041
neo4j3182,neo4j1026
neo4j3182,neo4j3179
neo4j3182,neo4j4006
neo4j3182,neo4j3191
neo4j3182,neo4j1053
neo4j3182,neo4j1042
neo4j3182,neo4j485
neo4j3182,neo4j1049
neo4j3182,neo4j3192
neo4j3183,neo4j3178
neo4j3183,neo4j1040
neo4j3183,neo4j1041
neo4j3183,neo4j1026
neo4j3183,neo4j3179
neo4j3183,neo4j4006
neo4j3183,neo4j3191
neo4j3183,neo4j1042
neo4j3183,neo4j1049
neo4j3183,neo4j3192
neo4j3184,neo4j3178
neo4j3184,neo4j1030
neo4j3184,neo4j1043
neo4j3184,neo4j1040
neo4j3184,neo4j1026
neo4j3184,neo4j3179
neo4j3184,neo4j4006
neo4j3184,neo4j3191
neo4j3184,neo4j1053
neo4j3184,neo4j485
neo4j3184,neo4j1049
neo4j3184,neo4j3192
neo4j3186,neo4j1042
neo4j3186,neo4j1026
neo4j3187,neo4j1038
neo4j3187,neo4j1042
neo4j3187,neo4j1026
neo4j3188,neo4j1038
neo4j3188,neo4j1042
neo4j3188,neo4j1026
neo4j3189,neo4j1038
neo4j3189,neo4j1042
neo4j3189,neo4j1026
neo4j3191,neo4j1038
neo4j3192,neo4j1424
neo4j3194,neo4j3951
neo4j3194,neo4j3791
neo4j3196,neo4j3160
neo4j3196,neo4j3161
neo4j3196,neo4j3725
neo4j3196,neo4j3194
neo4j3201,neo4j3196
neo4j3203,neo4j3196
neo4j3203,neo4j1071
neo4j3203,neo4j1070
neo4j3203,neo4j1072
neo4j3204,neo4j3196
neo4j3204,neo4j3791
neo4j3204,neo4j1071
neo4j3205,neo4j3196
neo4j3205,neo4j1071
neo4j3206,neo4j3196
neo4j3206,neo4j1071
neo4j3206,neo4j1072
neo4j3208,neo4j3209
neo4j3209,neo4j4080
neo4j3211,neo4j3725
neo4j3211,neo4j3194
neo4j3211,neo4j1072
neo4j3211,neo4j3748
neo4j3212,neo4j3725
neo4j3212,neo4j3194
neo4j3212,neo4j1072
neo4j3212,neo4j3767
neo4j3212,neo4j3208
neo4j3213,neo4j3725
neo4j3213,neo4j3194
neo4j3213,neo4j1072
neo4j3213,neo4j3748
neo4j3215,neo4j3196
neo4j3215,neo4j1072
neo4j3215,neo4j3241
neo4j3217,neo4j3196
neo4j3217,neo4j3791
neo4j3217,neo4j1069
neo4j3218,neo4j3196
neo4j3218,neo4j1069
neo4j3219,neo4j3196
neo4j3219,neo4j3791
neo4j3219,neo4j1069
neo4j3221,neo4j3196
neo4j3221,neo4j1070
neo4j3222,neo4j3196
neo4j3222,neo4j1072
neo4j3222,neo4j1070
neo4j3223,neo4j3196
neo4j3223,neo4j1072
neo4j3223,neo4j1070
neo4j3224,neo4j3196
neo4j3224,neo4j1070
neo4j3226,neo4j3196
neo4j3226,neo4j1070
neo4j3226,neo4j1072
neo4j3228,neo4j3196
neo4j3229,neo4j3196
neo4j3229,neo4j1072
neo4j3230,neo4j3196
neo4j3230,neo4j1070
neo4j3241,neo4j3160
neo4j3241,neo4j3161
neo4j3243,neo4j3241
neo4j3243,neo4j1062
neo4j3243,neo4j1061
neo4j3244,neo4j3241
neo4j3244,neo4j1062
neo4j3245,neo4j3241
neo4j3245,neo4j1062
neo4j3246,neo4j3241
neo4j3246,neo4j1062
neo4j3246,neo4j1063
neo4j3246,neo4j3951
neo4j3249,neo4j3762
neo4j3250,neo4j3241
neo4j3252,neo4j3241
neo4j3253,neo4j3241
neo4j3254,neo4j3241
neo4j3263,neo4j1085
neo4j3267,neo4j3265
neo4j3269,neo4j3265
neo4j3271,neo4j3265
neo4j3271,neo4j1100
neo4j3271,neo4j3900
neo4j3273,neo4j3265
neo4j3273,neo4j1099
neo4j3273,neo4j1100
neo4j3274,neo4j3265
neo4j3274,neo4j1099
neo4j3274,neo4j1100
neo4j3275,neo4j3265
neo4j3275,neo4j1099
neo4j3277,neo4j3265
neo4j3277,neo4j1099
neo4j3277,neo4j1100
neo4j3278,neo4j3265
neo4j3278,neo4j1099
neo4j3278,neo4j1100
neo4j3280,neo4j3265
neo4j3280,neo4j1099
neo4j3280,neo4j1100
neo4j3281,neo4j3265
neo4j3281,neo4j1099
neo4j3281,neo4j1100
neo4j3282,neo4j3265
neo4j3282,neo4j1099
neo4j3282,neo4j1100
neo4j3283,neo4j3265
neo4j3283,neo4j1099
neo4j3284,neo4j3265
neo4j3284,neo4j1099
neo4j3284,neo4j1100
neo4j3285,neo4j3265
neo4j3285,neo4j1099
neo4j3285,neo4j1100
neo4j3286,neo4j3265
neo4j3286,neo4j1099
neo4j3286,neo4j1100
neo4j3287,neo4j3265
neo4j3287,neo4j1099
neo4j3287,neo4j1100
neo4j3289,neo4j3265
neo4j3289,neo4j1099
neo4j3289,neo4j1100
neo4j3290,neo4j3265
neo4j3290,neo4j1099
neo4j3290,neo4j1100
neo4j3291,neo4j3265
neo4j3291,neo4j1099
neo4j3291,neo4j1100
neo4j3292,neo4j3265
neo4j3292,neo4j1099
neo4j3293,neo4j3265
neo4j3293,neo4j1099
neo4j3294,neo4j3265
neo4j3294,neo4j1099
neo4j3295,neo4j3265
neo4j3295,neo4j1099
neo4j3295,neo4j1100
neo4j3296,neo4j3265
neo4j3296,neo4j1099
neo4j3296,neo4j1100
neo4j3297,neo4j3265
neo4j3297,neo4j1099
neo4j3297,neo4j1100
neo4j3298,neo4j3265
neo4j3298,neo4j1099
neo4j3298,neo4j1100
neo4j3300,neo4j3265
neo4j3300,neo4j1099
neo4j3300,neo4j1100
neo4j3301,neo4j3265
neo4j3301,neo4j1099
neo4j3301,neo4j1100
neo4j3302,neo4j3265
neo4j3302,neo4j1099
neo4j3302,neo4j1100
neo4j3304,neo4j3265
neo4j3304,neo4j1098
neo4j3304,neo4j1100
neo4j3304,neo4j3900
neo4j3305,neo4j3265
neo4j3305,neo4j1099
neo4j3305,neo4j1100
neo4j3305,neo4j3900
neo4j3307,neo4j1113
neo4j3308,neo4j1113
neo4j3310,neo4j1114
neo4j3311,neo4j1114
neo4j3313,neo4j1115
neo4j3317,neo4j1114
neo4j3317,neo4j1113
neo4j3319,neo4j1113
neo4j3320,neo4j1114
neo4j3322,neo4j1144
neo4j3322,neo4j1262
neo4j3324,neo4j1128
neo4j3325,neo4j1128
neo4j3325,neo4j256
neo4j3326,neo4j1128
neo4j3328,neo4j1132
neo4j3328,neo4j4101
neo4j3329,neo4j137
neo4j3329,neo4j1132
neo4j3330,neo4j1132
neo4j3331,neo4j1132
neo4j3332,neo4j1130
neo4j3332,neo4j4101
neo4j3333,neo4j1130
neo4j3333,neo4j4101
neo4j3335,neo4j1134
neo4j3335,neo4j4101
neo4j3336,neo4j1134
neo4j3336,neo4j4101
neo4j3338,neo4j137
neo4j3338,neo4j4101
neo4j3340,neo4j1136
neo4j3341,neo4j1136
neo4j3348,neo4j1121
neo4j3349,neo4j1121
neo4j3350,neo4j455
neo4j3350,neo4j1121
neo4j3351,neo4j455
neo4j3351,neo4j1121
neo4j3352,neo4j1121
neo4j3358,neo4j3368
neo4j3358,neo4j3354
neo4j3358,neo4j3371
neo4j3358,neo4j1150
neo4j3359,neo4j3368
neo4j3359,neo4j3354
neo4j3359,neo4j3370
neo4j3359,neo4j1150
neo4j3360,neo4j2795
neo4j3360,neo4j2792
neo4j3360,neo4j2793
neo4j3360,neo4j2794
neo4j3360,neo4j2828
neo4j3360,neo4j345
neo4j3360,neo4j3354
neo4j3360,neo4j1150
neo4j3361,neo4j3354
neo4j3361,neo4j3370
neo4j3361,neo4j1150
neo4j3362,neo4j3354
neo4j3362,neo4j3370
neo4j3362,neo4j3368
neo4j3362,neo4j1150
neo4j3363,neo4j3354
neo4j3363,neo4j3370
neo4j3363,neo4j1150
neo4j3364,neo4j3368
neo4j3364,neo4j3354
neo4j3364,neo4j3370
neo4j3364,neo4j1150
neo4j3365,neo4j3368
neo4j3365,neo4j3354
neo4j3365,neo4j3370
neo4j3365,neo4j1150
neo4j3367,neo4j1154
neo4j3368,neo4j3369
neo4j3369,neo4j3748
neo4j3370,neo4j2795
neo4j3370,neo4j2792
neo4j3370,neo4j2793
neo4j3370,neo4j3748
neo4j3370,neo4j2794
neo4j3370,neo4j2828
neo4j3370,neo4j345
neo4j3371,neo4j2795
neo4j3371,neo4j2792
neo4j3371,neo4j2793
neo4j3371,neo4j2794
neo4j3371,neo4j2828
neo4j3371,neo4j345
neo4j3373,neo4j1215
neo4j3374,neo4j1216
neo4j3375,neo4j1215
neo4j3376,neo4j1216
neo4j3377,neo4j1215
neo4j3378,neo4j1216
neo4j3379,neo4j1215
neo4j3380,neo4j1216
neo4j3381,neo4j1215
neo4j3382,neo4j1216
neo4j3385,neo4j1225
neo4j3387,neo4j1227
neo4j3388,neo4j3409
neo4j3388,neo4j1223
neo4j3389,neo4j3409
neo4j3389,neo4j1223
neo4j3390,neo4j3409
neo4j3390,neo4j1223
neo4j3391,neo4j3409
neo4j3391,neo4j1223
neo4j3392,neo4j3409
neo4j3392,neo4j1223
neo4j3393,neo4j3410
neo4j3393,neo4j3394
neo4j3393,neo4j1223
neo4j3396,neo4j1248
neo4j3397,neo4j1248
neo4j3398,neo4j1248
neo4j3400,neo4j3406
neo4j3400,neo4j1252
neo4j3401,neo4j3406
neo4j3401,neo4j1253
neo4j3402,neo4j3406
neo4j3402,neo4j1252
neo4j3403,neo4j3406
neo4j3403,neo4j1253
neo4j3404,neo4j3406
neo4j3404,neo4j1252
neo4j3405,neo4j3406
neo4j3405,neo4j1253
neo4j3409,neo4j3748
neo4j3416,neo4j1282
neo4j3416,neo4j1262
neo4j3417,neo4j1282
neo4j3417,neo4j1260
neo4j3417,neo4j3410
neo4j3417,neo4j1208
neo4j3417,neo4j1262
neo4j3418,neo4j1282
neo4j3419,neo4j1282
neo4j3420,neo4j1282
neo4j3420,neo4j1262
neo4j3421,neo4j3410
neo4j3421,neo4j1208
neo4j3422,neo4j1282
neo4j3422,neo4j3410
neo4j3422,neo4j1208
neo4j3426,neo4j3424
neo4j3426,neo4j1259
neo4j3427,neo4j3424
neo4j3427,neo4j1259
neo4j3429,neo4j3424
neo4j3429,neo4j1265
neo4j3431,neo4j1295
neo4j3432,neo4j1295
neo4j3433,neo4j1295
neo4j3434,neo4j1295
neo4j3437,neo4j1308
neo4j3438,neo4j1308
neo4j3439,neo4j1308
neo4j3440,neo4j3441
neo4j3440,neo4j1308
neo4j3441,neo4j3442
neo4j3441,neo4j3753
neo4j3444,neo4j3879
neo4j3444,neo4j3944
neo4j3457,neo4j448
neo4j3458,neo4j448
neo4j3459,neo4j448
neo4j3460,neo4j448
neo4j3461,neo4j448
neo4j3462,neo4j448
neo4j3463,neo4j448
neo4j3464,neo4j448
neo4j3465,neo4j448
neo4j3466,neo4j448
neo4j3466,neo4j3903
neo4j3467,neo4j448
neo4j3468,neo4j448
neo4j3469,neo4j448
neo4j3470,neo4j448
neo4j3471,neo4j448
neo4j3473,neo4j3725
neo4j3484,neo4j3861
neo4j3487,neo4j4007
neo4j3487,neo4j3488
neo4j3487,neo4j4103
neo4j3487,neo4j4104
neo4j3487,neo4j4006
neo4j3488,neo4j4104
neo4j3488,neo4j4103
neo4j3496,neo4j3499
neo4j3496,neo4j3885
neo4j3496,neo4j3500
neo4j3498,neo4j4105
neo4j3498,neo4j3856
neo4j3507,neo4j1457
neo4j3508,neo4j1456
neo4j3509,neo4j1456
neo4j3510,neo4j1455
neo4j3511,neo4j1455
neo4j3512,neo4j1455
neo4j3513,neo4j1455
neo4j3514,neo4j1458
neo4j3515,neo4j1458
neo4j3516,neo4j1458
neo4j3517,neo4j1458
neo4j3518,neo4j1458
neo4j3519,neo4j1458
neo4j3520,neo4j1458
neo4j3521,neo4j1458
neo4j3522,neo4j4106
neo4j3522,neo4j3944
neo4j3523,neo4j4107
neo4j3523,neo4j3943
neo4j3523,neo4j3822
neo4j3523,neo4j3942
neo4j3523,neo4j4108
neo4j3523,neo4j3879
neo4j3523,neo4j3935
neo4j3523,neo4j3936
neo4j3523,neo4j3714
neo4j3523,neo4j3938
neo4j3523,neo4j3941
neo4j3523,neo4j3940
neo4j3523,neo4j3939
neo4j3523,neo4j3937
neo4j3523,neo4j3944
neo4j3525,neo4j1461
neo4j3526,neo4j1461
neo4j3530,neo4j1461
neo4j3531,neo4j1464
neo4j3532,neo4j1463
neo4j3533,neo4j1463
neo4j3534,neo4j1462
neo4j3535,neo4j1462
neo4j3536,neo4j1462
neo4j3537,neo4j1462
neo4j3538,neo4j1465
neo4j3539,neo4j1465
neo4j3540,neo4j1465
neo4j3541,neo4j1465
neo4j3542,neo4j1465
neo4j3543,neo4j4107
neo4j3543,neo4j3944
neo4j3544,neo4j4106
neo4j3544,neo4j3944
neo4j3545,neo4j3943
neo4j3545,neo4j3822
neo4j3545,neo4j3942
neo4j3545,neo4j4108
neo4j3545,neo4j3879
neo4j3545,neo4j3935
neo4j3545,neo4j3936
neo4j3545,neo4j3714
neo4j3545,neo4j3938
neo4j3545,neo4j3941
neo4j3545,neo4j3940
neo4j3545,neo4j3939
neo4j3545,neo4j3937
neo4j3545,neo4j3944
neo4j3547,neo4j1469
neo4j3548,neo4j1469
neo4j3548,neo4j3962
neo4j3549,neo4j1469
neo4j3557,neo4j1469
neo4j3558,neo4j1469
neo4j3559,neo4j1472
neo4j3560,neo4j1471
neo4j3561,neo4j1471
neo4j3562,neo4j1470
neo4j3563,neo4j1470
neo4j3564,neo4j1470
neo4j3565,neo4j1470
neo4j3566,neo4j1473
neo4j3567,neo4j1473
neo4j3568,neo4j1473
neo4j3569,neo4j1473
neo4j3570,neo4j1473
neo4j3571,neo4j4107
neo4j3571,neo4j3944
neo4j3572,neo4j4106
neo4j3572,neo4j3944
neo4j3573,neo4j3943
neo4j3573,neo4j3822
neo4j3573,neo4j3942
neo4j3573,neo4j4108
neo4j3573,neo4j3879
neo4j3573,neo4j3935
neo4j3573,neo4j3936
neo4j3573,neo4j3714
neo4j3573,neo4j3938
neo4j3573,neo4j3941
neo4j3573,neo4j3940
neo4j3573,neo4j3939
neo4j3573,neo4j3937
neo4j3573,neo4j3944
neo4j3575,neo4j1477
neo4j3576,neo4j1477
neo4j3581,neo4j1477
neo4j3582,neo4j1480
neo4j3583,neo4j1479
neo4j3584,neo4j1479
neo4j3585,neo4j1478
neo4j3586,neo4j1478
neo4j3587,neo4j1478
neo4j3588,neo4j1478
neo4j3589,neo4j1481
neo4j3590,neo4j1481
neo4j3591,neo4j1481
neo4j3592,neo4j1481
neo4j3593,neo4j1481
neo4j3594,neo4j3966
neo4j3594,neo4j4107
neo4j3594,neo4j3944
neo4j3595,neo4j3966
neo4j3595,neo4j3944
neo4j3596,neo4j4106
neo4j3596,neo4j3944
neo4j3597,neo4j3943
neo4j3597,neo4j3822
neo4j3597,neo4j3942
neo4j3597,neo4j4108
neo4j3597,neo4j3879
neo4j3597,neo4j3935
neo4j3597,neo4j3936
neo4j3597,neo4j3714
neo4j3597,neo4j3938
neo4j3597,neo4j3941
neo4j3597,neo4j3940
neo4j3597,neo4j3939
neo4j3597,neo4j3937
neo4j3597,neo4j3944
neo4j3600,neo4j3844
neo4j3601,neo4j3844
neo4j3607,neo4j1488
neo4j3608,neo4j3844
neo4j3608,neo4j1487
neo4j3609,neo4j3844
neo4j3609,neo4j1487
neo4j3610,neo4j3844
neo4j3610,neo4j1486
neo4j3611,neo4j3844
neo4j3611,neo4j1486
neo4j3612,neo4j1486
neo4j3613,neo4j1486
neo4j3614,neo4j1489
neo4j3615,neo4j1489
neo4j3616,neo4j1489
neo4j3617,neo4j1489
neo4j3618,neo4j1489
neo4j3619,neo4j1489
neo4j3620,neo4j1489
neo4j3621,neo4j1489
neo4j3622,neo4j4106
neo4j3622,neo4j3944
neo4j3623,neo4j4107
neo4j3623,neo4j3943
neo4j3623,neo4j3822
neo4j3623,neo4j3942
neo4j3623,neo4j4108
neo4j3623,neo4j3879
neo4j3623,neo4j3935
neo4j3623,neo4j3936
neo4j3623,neo4j3714
neo4j3623,neo4j3938
neo4j3623,neo4j3941
neo4j3623,neo4j3940
neo4j3623,neo4j3939
neo4j3623,neo4j3937
neo4j3623,neo4j3944
neo4j3628,neo4j1492
neo4j3629,neo4j1492
neo4j3630,neo4j1493
neo4j3631,neo4j1493
neo4j3632,neo4j1493
neo4j3633,neo4j1493
neo4j3634,neo4j1493
neo4j3635,neo4j1493
neo4j3636,neo4j1494
neo4j3637,neo4j1494
neo4j3638,neo4j1494
neo4j3639,neo4j1494
neo4j3640,neo4j1494
neo4j3641,neo4j1494
neo4j3642,neo4j1494
neo4j3643,neo4j1494
neo4j3645,neo4j1522
neo4j3646,neo4j1522
neo4j3647,neo4j3844
neo4j3648,neo4j3844
neo4j3649,neo4j1522
neo4j3650,neo4j1522
neo4j3651,neo4j1522
neo4j3652,neo4j1522
neo4j3653,neo4j1522
neo4j3654,neo4j1522
neo4j3655,neo4j1522
neo4j3656,neo4j1522
neo4j3657,neo4j3844
neo4j3657,neo4j1524
neo4j3658,neo4j1522
neo4j3658,neo4j1524
neo4j3659,neo4j1522
neo4j3659,neo4j1524
neo4j3660,neo4j1522
neo4j3660,neo4j1527
neo4j3661,neo4j1522
neo4j3661,neo4j1526
neo4j3662,neo4j1522
neo4j3662,neo4j1526
neo4j3663,neo4j1522
neo4j3664,neo4j1522
neo4j3665,neo4j1522
neo4j3665,neo4j1525
neo4j3666,neo4j1522
neo4j3666,neo4j1525
neo4j3667,neo4j1522
neo4j3667,neo4j1528
neo4j3668,neo4j1522
neo4j3668,neo4j1528
neo4j3669,neo4j1522
neo4j3669,neo4j1528
neo4j3670,neo4j1522
neo4j3670,neo4j1528
neo4j3671,neo4j1522
neo4j3671,neo4j1528
neo4j3672,neo4j1522
neo4j3672,neo4j1528
neo4j3673,neo4j1522
neo4j3673,neo4j1528
neo4j3674,neo4j1522
neo4j3674,neo4j1528
neo4j3675,neo4j3944
neo4j3675,neo4j3844
neo4j3676,neo4j1522
neo4j3676,neo4j4106
neo4j3676,neo4j3944
neo4j3677,neo4j1522
neo4j3677,neo4j3943
neo4j3677,neo4j4107
neo4j3677,neo4j3822
neo4j3677,neo4j3942
neo4j3677,neo4j4108
neo4j3677,neo4j3879
neo4j3677,neo4j3935
neo4j3677,neo4j3936
neo4j3677,neo4j3714
neo4j3677,neo4j3938
neo4j3677,neo4j3941
neo4j3677,neo4j3940
neo4j3677,neo4j3939
neo4j3677,neo4j3937
neo4j3677,neo4j3944
neo4j3679,neo4j1522
neo4j3680,neo4j1522
neo4j3681,neo4j1522
neo4j3682,neo4j1522
neo4j3683,neo4j1522
neo4j3684,neo4j1522
neo4j3685,neo4j1522
neo4j3686,neo4j1522
neo4j3687,neo4j1522
neo4j3688,neo4j1522
neo4j3689,neo4j1522
neo4j3689,neo4j1524
neo4j3690,neo4j1522
neo4j3690,neo4j1524
neo4j3691,neo4j1522
neo4j3691,neo4j1527
neo4j3692,neo4j1522
neo4j3692,neo4j1526
neo4j3693,neo4j1522
neo4j3693,neo4j1526
neo4j3694,neo4j1522
neo4j3695,neo4j1522
neo4j3696,neo4j1522
neo4j3696,neo4j1525
neo4j3697,neo4j1522
neo4j3697,neo4j1525
neo4j3698,neo4j1522
neo4j3698,neo4j1528
neo4j3699,neo4j1522
neo4j3699,neo4j1528
neo4j3700,neo4j1522
neo4j3700,neo4j1528
neo4j3701,neo4j1522
neo4j3701,neo4j1528
neo4j3702,neo4j1522
neo4j3702,neo4j1528
neo4j3703,neo4j1522
neo4j3703,neo4j1528
neo4j3704,neo4j1522
neo4j3704,neo4j1528
neo4j3705,neo4j1522
neo4j3705,neo4j1528
neo4j3706,neo4j3944
neo4j3706,neo4j3844
neo4j3707,neo4j1522
neo4j3707,neo4j4106
neo4j3707,neo4j3944
neo4j3708,neo4j1522
neo4j3708,neo4j3943
neo4j3708,neo4j4107
neo4j3708,neo4j3822
neo4j3708,neo4j3942
neo4j3708,neo4j4108
neo4j3708,neo4j3879
neo4j3708,neo4j3935
neo4j3708,neo4j3936
neo4j3708,neo4j3714
neo4j3708,neo4j3938
neo4j3708,neo4j3941
neo4j3708,neo4j3940
neo4j3708,neo4j3939
neo4j3708,neo4j3937
neo4j3708,neo4j3944
neo4j3709,neo4j10
neo4j3717,neo4j553
neo4j3726,neo4j51
neo4j3727,neo4j51
neo4j3728,neo4j51
neo4j3729,neo4j3732
neo4j3733,neo4j51
neo4j3733,neo4j3734
neo4j3735,neo4j953
neo4j3735,neo4j952
neo4j3751,neo4j546
neo4j3751,neo4j482
neo4j3758,neo4j546
neo4j3760,neo4j1440
neo4j3760,neo4j1441
neo4j3763,neo4j546
neo4j3774,neo4j546
neo4j3775,neo4j7
neo4j3776,neo4j3772
neo4j3777,neo4j186
neo4j3778,neo4j9
neo4j3778,neo4j247
neo4j3781,neo4j133
neo4j3782,neo4j3772
neo4j3801,neo4j546
neo4j3802,neo4j546
neo4j3810,neo4j414
neo4j3816,neo4j546
neo4j3847,neo4j546
neo4j3847,neo4j641
neo4j3850,neo4j546
neo4j3850,neo4j555
neo4j3850,neo4j642
neo4j3851,neo4j546
neo4j3851,neo4j555
neo4j3854,neo4j546
neo4j3854,neo4j555
neo4j3854,neo4j553
neo4j3854,neo4j554
neo4j3874,neo4j546
neo4j3874,neo4j555
neo4j3878,neo4j546
neo4j3878,neo4j555
neo4j3886,neo4j980
neo4j3888,neo4j756
neo4j3890,neo4j756
neo4j3892,neo4j549
neo4j3892,neo4j3830
neo4j3893,neo4j1030
neo4j3894,neo4j1053
neo4j3895,neo4j546
neo4j3896,neo4j3762
neo4j3897,neo4j3762
neo4j3898,neo4j546
neo4j3899,neo4j546
neo4j3899,neo4j3765
neo4j3901,neo4j1091
neo4j3907,neo4j1130
neo4j3908,neo4j1295
neo4j3909,neo4j546
neo4j3910,neo4j1241
neo4j3914,neo4j1113
neo4j3915,neo4j3917
neo4j3915,neo4j1310
neo4j3915,neo4j3919
neo4j3927,neo4j3844
neo4j3928,neo4j3929
neo4j3930,neo4j3844
neo4j3931,neo4j3932
neo4j3955,neo4j556
neo4j3957,neo4j556
neo4j3957,neo4j502
neo4j3960,neo4j500
neo4j3960,neo4j556
neo4j3960,neo4j502
neo4j3963,neo4j500
neo4j3963,neo4j556
neo4j3967,neo4j500
neo4j3967,neo4j556
neo4j3973,neo4j500
neo4j3973,neo4j1522
neo4j3973,neo4j556
neo4j3973,neo4j502
neo4j3973,neo4j546
neo4j3974,neo4j504
neo4j3974,neo4j503
neo4j3974,neo4j3962
neo4j3974,neo4j501
neo4j3975,neo4j1521
neo4j3976,neo4j3844
neo4j3977,neo4j547
neo4j3977,neo4j3920
neo4j3979,neo4j556
neo4j3980,neo4j3844
neo4j3981,neo4j1384
neo4j3981,neo4j1389
neo4j3984,neo4j1384
neo4j3984,neo4j1389
neo4j3985,neo4j1384
neo4j3985,neo4j1389
neo4j3985,neo4j3844
neo4j3988,neo4j1384
neo4j3988,neo4j1389
neo4j3989,neo4j1384
neo4j3989,neo4j1389
neo4j3990,neo4j1384
neo4j3990,neo4j1389
neo4j3990,neo4j3844
neo4j3996,neo4j3998
neo4j4002,neo4j4000
neo4j4002,neo4j1849
neo4j4002,neo4j1840
neo4j4002,neo4j4003
neo4j4002,neo4j1818
neo4j4009,neo4j1800
neo4j4011,neo4j1800
neo4j4011,neo4j1295
neo4j4011,neo4j1802
neo4j4013,neo4j1800
neo4j4013,neo4j1295
neo4j4013,neo4j1802
neo4j4015,neo4j1800
neo4j4017,neo4j1800
neo4j4019,neo4j1801
neo4j4021,neo4j1801
neo4j4022,neo4j1800
neo4j4022,neo4j1830
neo4j4023,neo4j1801
neo4j4023,neo4j1832
neo4j4024,neo4j1870
neo4j4024,neo4j1871
neo4j4024,neo4j1866
neo4j4025,neo4j1849
neo4j4029,neo4j1389
neo4j4030,neo4j1849
neo4j4040,neo4j1884
neo4j4040,neo4j1885
neo4j4040,neo4j1907
neo4j4040,neo4j1903
neo4j4041,neo4j1930
neo4j4047,neo4j1864
neo4j4049,neo4j2087
neo4j4050,neo4j2087
neo4j4051,neo4j4052
neo4j4053,neo4j4052
neo4j4054,neo4j4052
neo4j4055,neo4j4052
neo4j4056,neo4j4052
neo4j4057,neo4j2087
neo4j4059,neo4j2089
neo4j4062,neo4j2105
neo4j4063,neo4j2103
neo4j4063,neo4j2179
neo4j4063,neo4j2197
neo4j4063,neo4j2219
neo4j4063,neo4j2266
neo4j4063,neo4j2311
neo4j4063,neo4j2337
neo4j4063,neo4j2412
neo4j4067,neo4j2181
neo4j4068,neo4j2199
neo4j4069,neo4j2221
neo4j4072,neo4j2268
neo4j4073,neo4j2313
neo4j4074,neo4j2339
neo4j4075,neo4j2414
neo4j4076,neo4j2607
neo4j4077,neo4j2607
neo4j4081,neo4j4080
neo4j4081,neo4j3755
neo4j4085,neo4j4086
neo4j4088,neo4j4086
neo4j4090,neo4j3712
neo4j4092,neo4j3712
neo4j4094,neo4j3762
neo4j4095,neo4j3762
neo4j4097,neo4j3209
neo4j4098,neo4j4099
neo4j4098,neo4j3767
neo4j4100,neo4j4099
neo4j4100,neo4j3767
neo4j4100,neo4j3208
