neo4j0,neo4j1
neo4j1,neo4j2
neo4j2,neo4j235
neo4j235,neo4j420
neo4j2,neo4j557
neo4j557,neo4j814
neo4j2,neo4j893
neo4j2,neo4j926
neo4j2,neo4j957
neo4j2,neo4j991
neo4j2,neo4j1111
neo4j2,neo4j1306
neo4j2,neo4j1318
neo4j1,neo4j1333
neo4j1,neo4j1541
neo4j1541,neo4j1732
neo4j1541,neo4j1798
neo4j1541,neo4j1957
neo4j1,neo4j1546
neo4j1,neo4j1637
neo4j1,neo4j2099
neo4j2099,neo4j2100
neo4j2100,neo4j2101
neo4j1,neo4j2448
neo4j2448,neo4j2720
neo4j2720,neo4j2858
neo4j2448,neo4j2790
neo4j2448,neo4j2869
neo4j2869,neo4j3007
neo4j2869,neo4j3112
neo4j2448,neo4j3141
neo4j2448,neo4j3435
neo4j2448,neo4j3445
neo4j2448,neo4j3501
neo4j3710,neo4j3718
neo4j3718,neo4j3719
neo4j3718,neo4j3723
neo4j3710,neo4j3730
neo4j3730,neo4j3736
neo4j3710,neo4j3793
neo4j3710,neo4j3811
neo4j3710,neo4j3836
neo4j3836,neo4j3837
neo4j3837,neo4j3838
neo4j3710,neo4j3864
